events count, max value,lower bound - 0.3, upper bound - 0.3, timeSpent
1,195165.0,136615.5,253714.5,0
2,999706.0,699794.2,1299617.8,69
3,999782.0,699847.4,1299716.6,101
4,999782.0,699847.4,1299716.6,125
5,999782.0,699847.4,1299716.6,139
6,999782.0,699847.4,1299716.6,178
7,999782.0,699847.4,1299716.6,242
8,999782.0,699847.4,1299716.6,332
9,999782.0,699847.4,1299716.6,421
10,999782.0,699847.4,1299716.6,510
11,999782.0,699847.4,1299716.6,611
12,999782.0,699847.4,1299716.6,697
13,999782.0,699847.4,1299716.6,791
14,999782.0,699847.4,1299716.6,898
15,999782.0,699847.4,1299716.6,987
16,999782.0,699847.4,1299716.6,1074
17,999782.0,699847.4,1299716.6,1167
18,999782.0,699847.4,1299716.6,1261
19,999782.0,699847.4,1299716.6,1347
20,999782.0,699847.4,1299716.6,1442
21,999782.0,699847.4,1299716.6,1526
22,999782.0,699847.4,1299716.6,1612
23,999782.0,699847.4,1299716.6,1696
24,999782.0,699847.4,1299716.6,1784
25,999782.0,699847.4,1299716.6,1871
26,999782.0,699847.4,1299716.6,1975
27,999782.0,699847.4,1299716.6,2066
28,999782.0,699847.4,1299716.6,2149
29,999782.0,699847.4,1299716.6,2237
30,999782.0,699847.4,1299716.6,2322
31,999782.0,699847.4,1299716.6,2407
32,999782.0,699847.4,1299716.6,2493
33,999782.0,699847.4,1299716.6,2584
34,999782.0,699847.4,1299716.6,2680
35,999782.0,699847.4,1299716.6,2769
36,999782.0,699847.4,1299716.6,2855
37,999782.0,699847.4,1299716.6,2942
38,999782.0,699847.4,1299716.6,3030
39,999782.0,699847.4,1299716.6,3115
40,999782.0,699847.4,1299716.6,3202
41,999782.0,699847.4,1299716.6,3288
42,999782.0,699847.4,1299716.6,3388
43,999782.0,699847.4,1299716.6,3475
44,999782.0,699847.4,1299716.6,3562
45,999782.0,699847.4,1299716.6,3649
46,999782.0,699847.4,1299716.6,3736
47,999782.0,699847.4,1299716.6,3818
48,999782.0,699847.4,1299716.6,3906
49,999782.0,699847.4,1299716.6,4003
50,999782.0,699847.4,1299716.6,4091
51,999782.0,699847.4,1299716.6,4178
52,999782.0,699847.4,1299716.6,4264
53,999782.0,699847.4,1299716.6,4361
54,999782.0,699847.4,1299716.6,4446
55,999782.0,699847.4,1299716.6,4533
56,999782.0,699847.4,1299716.6,4622
57,999782.0,699847.4,1299716.6,4709
58,999782.0,699847.4,1299716.6,4791
59,999782.0,699847.4,1299716.6,4874
60,999782.0,699847.4,1299716.6,4960
61,999782.0,699847.4,1299716.6,5046
62,999782.0,699847.4,1299716.6,5132
63,999782.0,699847.4,1299716.6,5218
64,999782.0,699847.4,1299716.6,5307
65,999782.0,699847.4,1299716.6,5395
66,999825.0,699877.5,1299772.5,5482
67,999825.0,699877.5,1299772.5,5570
68,999825.0,699877.5,1299772.5,5667
69,999825.0,699877.5,1299772.5,5767
70,999825.0,699877.5,1299772.5,5853
71,999825.0,699877.5,1299772.5,5981
72,999825.0,699877.5,1299772.5,6065
73,999825.0,699877.5,1299772.5,6157
74,999825.0,699877.5,1299772.5,6355
75,999825.0,699877.5,1299772.5,6453
76,999825.0,699877.5,1299772.5,6535
77,999825.0,699877.5,1299772.5,6618
78,999825.0,699877.5,1299772.5,6705
79,999825.0,699877.5,1299772.5,6803
80,999825.0,699877.5,1299772.5,6890
81,999825.0,699877.5,1299772.5,6953
82,999825.0,699877.5,1299772.5,7010
83,999825.0,699877.5,1299772.5,7096
84,999825.0,699877.5,1299772.5,7181
85,999825.0,699877.5,1299772.5,7264
86,999825.0,699877.5,1299772.5,7348
87,999825.0,699877.5,1299772.5,7433
88,999825.0,699877.5,1299772.5,7518
89,999825.0,699877.5,1299772.5,7603
90,999825.0,699877.5,1299772.5,7690
91,999825.0,699877.5,1299772.5,7778
92,999825.0,699877.5,1299772.5,7863
93,999825.0,699877.5,1299772.5,7949
94,999825.0,699877.5,1299772.5,8041
95,999825.0,699877.5,1299772.5,8126
96,999825.0,699877.5,1299772.5,8212
97,999825.0,699877.5,1299772.5,8299
98,999825.0,699877.5,1299772.5,8385
99,999825.0,699877.5,1299772.5,8471
100,999825.0,699877.5,1299772.5,8557
101,999825.0,699877.5,1299772.5,8644
102,999825.0,699877.5,1299772.5,8728
103,999825.0,699877.5,1299772.5,8812
104,999825.0,699877.5,1299772.5,8895
105,999825.0,699877.5,1299772.5,8980
106,999825.0,699877.5,1299772.5,9067
107,999825.0,699877.5,1299772.5,9153
108,999825.0,699877.5,1299772.5,9241
109,999825.0,699877.5,1299772.5,9330
110,999825.0,699877.5,1299772.5,9417
111,999825.0,699877.5,1299772.5,9503
112,999825.0,699877.5,1299772.5,9590
113,999825.0,699877.5,1299772.5,9676
114,999825.0,699877.5,1299772.5,9763
115,999825.0,699877.5,1299772.5,9849
116,999825.0,699877.5,1299772.5,9936
117,999825.0,699877.5,1299772.5,10022
118,999825.0,699877.5,1299772.5,10109
119,999825.0,699877.5,1299772.5,10197
120,999825.0,699877.5,1299772.5,10286
121,999825.0,699877.5,1299772.5,10373
122,999825.0,699877.5,1299772.5,10459
123,999825.0,699877.5,1299772.5,10547
124,999825.0,699877.5,1299772.5,10635
125,999825.0,699877.5,1299772.5,10723
126,999825.0,699877.5,1299772.5,10810
127,999825.0,699877.5,1299772.5,10896
128,999825.0,699877.5,1299772.5,10979
129,999825.0,699877.5,1299772.5,11063
130,999825.0,699877.5,1299772.5,11149
131,999825.0,699877.5,1299772.5,11237
132,999825.0,699877.5,1299772.5,11323
133,999825.0,699877.5,1299772.5,11411
134,999825.0,699877.5,1299772.5,11498
135,999825.0,699877.5,1299772.5,11585
136,999825.0,699877.5,1299772.5,11673
137,999825.0,699877.5,1299772.5,11759
138,999825.0,699877.5,1299772.5,11846
139,999825.0,699877.5,1299772.5,11933
140,999825.0,699877.5,1299772.5,12021
141,999825.0,699877.5,1299772.5,12107
142,999825.0,699877.5,1299772.5,12195
143,999825.0,699877.5,1299772.5,12280
144,999825.0,699877.5,1299772.5,12364
145,999825.0,699877.5,1299772.5,12450
146,999825.0,699877.5,1299772.5,12538
147,999825.0,699877.5,1299772.5,12625
148,999825.0,699877.5,1299772.5,12712
149,999825.0,699877.5,1299772.5,12811
150,999825.0,699877.5,1299772.5,12895
151,999825.0,699877.5,1299772.5,12977
152,999825.0,699877.5,1299772.5,13062
153,999825.0,699877.5,1299772.5,13149
154,999825.0,699877.5,1299772.5,13236
155,999825.0,699877.5,1299772.5,13323
156,999825.0,699877.5,1299772.5,13410
157,999825.0,699877.5,1299772.5,13494
158,999825.0,699877.5,1299772.5,13582
159,999825.0,699877.5,1299772.5,13668
160,999825.0,699877.5,1299772.5,13755
161,999825.0,699877.5,1299772.5,13844
162,999825.0,699877.5,1299772.5,13933
163,999825.0,699877.5,1299772.5,14018
164,999825.0,699877.5,1299772.5,14112
165,999825.0,699877.5,1299772.5,14198
166,999825.0,699877.5,1299772.5,14287
167,999825.0,699877.5,1299772.5,14373
168,999825.0,699877.5,1299772.5,14460
169,999825.0,699877.5,1299772.5,14547
170,999825.0,699877.5,1299772.5,14636
171,999825.0,699877.5,1299772.5,14722
172,999825.0,699877.5,1299772.5,14814
173,999825.0,699877.5,1299772.5,14897
174,999825.0,699877.5,1299772.5,14982
175,999825.0,699877.5,1299772.5,15068
176,999825.0,699877.5,1299772.5,15156
177,999825.0,699877.5,1299772.5,15241
178,999825.0,699877.5,1299772.5,15326
179,999825.0,699877.5,1299772.5,15413
180,999825.0,699877.5,1299772.5,15500
181,999825.0,699877.5,1299772.5,15587
182,999825.0,699877.5,1299772.5,15680
183,999825.0,699877.5,1299772.5,15767
184,999825.0,699877.5,1299772.5,15855
185,999825.0,699877.5,1299772.5,15941
186,999825.0,699877.5,1299772.5,16028
187,999825.0,699877.5,1299772.5,16116
188,999825.0,699877.5,1299772.5,16202
189,999825.0,699877.5,1299772.5,16289
190,999825.0,699877.5,1299772.5,16376
191,999825.0,699877.5,1299772.5,16463
192,999825.0,699877.5,1299772.5,16550
193,999825.0,699877.5,1299772.5,16636
194,999825.0,699877.5,1299772.5,16725
195,999825.0,699877.5,1299772.5,16815
196,999825.0,699877.5,1299772.5,16898
197,999825.0,699877.5,1299772.5,16984
198,999825.0,699877.5,1299772.5,17071
199,999825.0,699877.5,1299772.5,17157
200,999825.0,699877.5,1299772.5,17241
201,999825.0,699877.5,1299772.5,17332
202,999825.0,699877.5,1299772.5,17419
203,999825.0,699877.5,1299772.5,17508
204,999825.0,699877.5,1299772.5,17595
205,999825.0,699877.5,1299772.5,17682
206,999825.0,699877.5,1299772.5,17769
207,999825.0,699877.5,1299772.5,17858
208,999825.0,699877.5,1299772.5,17945
209,999825.0,699877.5,1299772.5,18031
210,999825.0,699877.5,1299772.5,18118
211,999825.0,699877.5,1299772.5,18205
212,999825.0,699877.5,1299772.5,18292
213,999825.0,699877.5,1299772.5,18381
214,999825.0,699877.5,1299772.5,18468
215,999825.0,699877.5,1299772.5,18554
216,999825.0,699877.5,1299772.5,18642
217,999825.0,699877.5,1299772.5,18729
218,999825.0,699877.5,1299772.5,18820
219,999825.0,699877.5,1299772.5,18903
220,999825.0,699877.5,1299772.5,18989
221,999825.0,699877.5,1299772.5,19075
222,999825.0,699877.5,1299772.5,19161
223,999825.0,699877.5,1299772.5,19247
224,999825.0,699877.5,1299772.5,19337
225,999825.0,699877.5,1299772.5,19422
226,999825.0,699877.5,1299772.5,19510
227,999825.0,699877.5,1299772.5,19597
228,999833.0,699883.1,1299782.9,19686
229,999833.0,699883.1,1299782.9,19773
230,999833.0,699883.1,1299782.9,19862
231,999833.0,699883.1,1299782.9,19949
232,999833.0,699883.1,1299782.9,20037
233,999833.0,699883.1,1299782.9,20124
234,999833.0,699883.1,1299782.9,20211
235,999833.0,699883.1,1299782.9,20300
236,999833.0,699883.1,1299782.9,20390
237,999833.0,699883.1,1299782.9,20474
238,999833.0,699883.1,1299782.9,20561
239,999833.0,699883.1,1299782.9,20648
240,999833.0,699883.1,1299782.9,20735
241,999833.0,699883.1,1299782.9,20822
242,999833.0,699883.1,1299782.9,20905
243,999833.0,699883.1,1299782.9,20987
244,999833.0,699883.1,1299782.9,21075
245,999833.0,699883.1,1299782.9,21160
246,999833.0,699883.1,1299782.9,21247
247,999833.0,699883.1,1299782.9,21332
248,999833.0,699883.1,1299782.9,21421
249,999833.0,699883.1,1299782.9,21504
250,999833.0,699883.1,1299782.9,21595
251,999833.0,699883.1,1299782.9,21679
252,999833.0,699883.1,1299782.9,21763
253,999833.0,699883.1,1299782.9,21850
254,999833.0,699883.1,1299782.9,21936
255,999833.0,699883.1,1299782.9,22023
256,999833.0,699883.1,1299782.9,22112
257,999833.0,699883.1,1299782.9,22199
258,999833.0,699883.1,1299782.9,22284
259,999833.0,699883.1,1299782.9,22389
260,999833.0,699883.1,1299782.9,22476
261,999833.0,699883.1,1299782.9,22564
262,999833.0,699883.1,1299782.9,22650
263,999833.0,699883.1,1299782.9,22738
264,999833.0,699883.1,1299782.9,22826
265,999833.0,699883.1,1299782.9,22912
266,999833.0,699883.1,1299782.9,22996
267,999833.0,699883.1,1299782.9,23085
268,999833.0,699883.1,1299782.9,23171
269,999845.0,699891.5,1299798.5,23260
270,999845.0,699891.5,1299798.5,23348
271,999845.0,699891.5,1299798.5,23434
272,999845.0,699891.5,1299798.5,23520
273,999845.0,699891.5,1299798.5,23606
274,999845.0,699891.5,1299798.5,23695
275,999845.0,699891.5,1299798.5,23780
276,999845.0,699891.5,1299798.5,23869
277,999845.0,699891.5,1299798.5,23956
278,999845.0,699891.5,1299798.5,24043
279,999845.0,699891.5,1299798.5,24133
280,999845.0,699891.5,1299798.5,24218
281,999845.0,699891.5,1299798.5,24304
282,999845.0,699891.5,1299798.5,24394
283,999845.0,699891.5,1299798.5,24480
284,999845.0,699891.5,1299798.5,24568
285,999845.0,699891.5,1299798.5,24655
286,999845.0,699891.5,1299798.5,24740
287,999845.0,699891.5,1299798.5,24826
288,999845.0,699891.5,1299798.5,24912
289,999845.0,699891.5,1299798.5,25001
290,999845.0,699891.5,1299798.5,25088
291,999845.0,699891.5,1299798.5,25175
292,999845.0,699891.5,1299798.5,25260
293,999886.0,699920.2,1299851.8,25352
294,999886.0,699920.2,1299851.8,25438
295,999886.0,699920.2,1299851.8,25531
296,999886.0,699920.2,1299851.8,25616
297,999886.0,699920.2,1299851.8,25702
298,999886.0,699920.2,1299851.8,25791
299,999886.0,699920.2,1299851.8,25878
300,999886.0,699920.2,1299851.8,25964
301,999886.0,699920.2,1299851.8,26050
302,999886.0,699920.2,1299851.8,26137
303,999886.0,699920.2,1299851.8,26224
304,999886.0,699920.2,1299851.8,26313
305,999886.0,699920.2,1299851.8,26400
306,999886.0,699920.2,1299851.8,26487
307,999886.0,699920.2,1299851.8,26572
308,999886.0,699920.2,1299851.8,26659
309,999886.0,699920.2,1299851.8,26746
310,999886.0,699920.2,1299851.8,26833
311,999886.0,699920.2,1299851.8,26924
312,999886.0,699920.2,1299851.8,27011
313,999886.0,699920.2,1299851.8,27099
314,999886.0,699920.2,1299851.8,27186
315,999886.0,699920.2,1299851.8,27272
316,999886.0,699920.2,1299851.8,27359
317,999886.0,699920.2,1299851.8,27446
318,999886.0,699920.2,1299851.8,27535
319,999886.0,699920.2,1299851.8,27621
320,999886.0,699920.2,1299851.8,27709
321,999886.0,699920.2,1299851.8,27796
322,999886.0,699920.2,1299851.8,27884
323,999886.0,699920.2,1299851.8,27969
324,999886.0,699920.2,1299851.8,28056
325,999886.0,699920.2,1299851.8,28142
326,999886.0,699920.2,1299851.8,28228
327,999886.0,699920.2,1299851.8,28314
328,999886.0,699920.2,1299851.8,28405
329,999886.0,699920.2,1299851.8,28489
330,999886.0,699920.2,1299851.8,28574
331,999886.0,699920.2,1299851.8,28659
332,999886.0,699920.2,1299851.8,28745
333,999886.0,699920.2,1299851.8,28830
334,999886.0,699920.2,1299851.8,28920
335,999886.0,699920.2,1299851.8,29015
336,999886.0,699920.2,1299851.8,29102
337,999886.0,699920.2,1299851.8,29188
338,999886.0,699920.2,1299851.8,29276
339,999886.0,699920.2,1299851.8,29362
340,999886.0,699920.2,1299851.8,29455
341,999886.0,699920.2,1299851.8,29542
342,999886.0,699920.2,1299851.8,29626
343,999886.0,699920.2,1299851.8,29713
344,999886.0,699920.2,1299851.8,29800
345,999886.0,699920.2,1299851.8,29888
346,999886.0,699920.2,1299851.8,29975
347,999886.0,699920.2,1299851.8,30063
348,999886.0,699920.2,1299851.8,30150
349,999886.0,699920.2,1299851.8,30238
350,999886.0,699920.2,1299851.8,30325
351,999886.0,699920.2,1299851.8,30417
352,999886.0,699920.2,1299851.8,30508
353,999886.0,699920.2,1299851.8,30597
354,999886.0,699920.2,1299851.8,30684
355,999886.0,699920.2,1299851.8,30771
356,999886.0,699920.2,1299851.8,30858
357,999886.0,699920.2,1299851.8,30945
358,999886.0,699920.2,1299851.8,31032
359,999886.0,699920.2,1299851.8,31118
360,999886.0,699920.2,1299851.8,31205
361,999886.0,699920.2,1299851.8,31288
362,999886.0,699920.2,1299851.8,31373
363,999886.0,699920.2,1299851.8,31465
364,999886.0,699920.2,1299851.8,31551
365,999886.0,699920.2,1299851.8,31636
366,999886.0,699920.2,1299851.8,31721
367,999886.0,699920.2,1299851.8,31814
368,999886.0,699920.2,1299851.8,31903
369,999886.0,699920.2,1299851.8,31990
370,999886.0,699920.2,1299851.8,32074
371,999886.0,699920.2,1299851.8,32154
372,999886.0,699920.2,1299851.8,32235
373,999886.0,699920.2,1299851.8,32315
374,999886.0,699920.2,1299851.8,32395
375,999886.0,699920.2,1299851.8,32478
376,999886.0,699920.2,1299851.8,32561
377,999886.0,699920.2,1299851.8,32646
378,999886.0,699920.2,1299851.8,32724
379,999886.0,699920.2,1299851.8,32797
380,999886.0,699920.2,1299851.8,32879
381,999886.0,699920.2,1299851.8,32957
382,999886.0,699920.2,1299851.8,33037
383,999886.0,699920.2,1299851.8,33118
384,999886.0,699920.2,1299851.8,33202
385,999886.0,699920.2,1299851.8,33284
386,999886.0,699920.2,1299851.8,33364
387,999886.0,699920.2,1299851.8,33448
388,999886.0,699920.2,1299851.8,33531
389,999886.0,699920.2,1299851.8,33611
390,999886.0,699920.2,1299851.8,33693
391,999886.0,699920.2,1299851.8,33773
392,999886.0,699920.2,1299851.8,33852
393,999886.0,699920.2,1299851.8,33933
394,999886.0,699920.2,1299851.8,34016
395,999886.0,699920.2,1299851.8,34097
396,999886.0,699920.2,1299851.8,34172
397,999886.0,699920.2,1299851.8,34252
398,999886.0,699920.2,1299851.8,34328
399,999886.0,699920.2,1299851.8,34421
400,999886.0,699920.2,1299851.8,34503
401,999886.0,699920.2,1299851.8,34584
402,999886.0,699920.2,1299851.8,34665
403,999886.0,699920.2,1299851.8,34746
404,999886.0,699920.2,1299851.8,34829
405,999886.0,699920.2,1299851.8,34911
406,999886.0,699920.2,1299851.8,34990
407,999886.0,699920.2,1299851.8,35068
408,999886.0,699920.2,1299851.8,35148
409,999886.0,699920.2,1299851.8,35230
410,999886.0,699920.2,1299851.8,35310
411,999886.0,699920.2,1299851.8,35395
412,999886.0,699920.2,1299851.8,35479
413,999886.0,699920.2,1299851.8,35559
414,999886.0,699920.2,1299851.8,35638
415,999886.0,699920.2,1299851.8,35723
416,999886.0,699920.2,1299851.8,35803
417,999886.0,699920.2,1299851.8,35881
418,999886.0,699920.2,1299851.8,35963
419,999886.0,699920.2,1299851.8,36043
420,999886.0,699920.2,1299851.8,36124
421,999886.0,699920.2,1299851.8,36207
422,999886.0,699920.2,1299851.8,36287
423,999886.0,699920.2,1299851.8,36373
424,999886.0,699920.2,1299851.8,36454
425,999886.0,699920.2,1299851.8,36536
426,999886.0,699920.2,1299851.8,36615
427,999886.0,699920.2,1299851.8,36694
428,999886.0,699920.2,1299851.8,36771
429,999886.0,699920.2,1299851.8,36847
430,999886.0,699920.2,1299851.8,36936
431,999886.0,699920.2,1299851.8,37016
432,999886.0,699920.2,1299851.8,37099
433,999886.0,699920.2,1299851.8,37177
434,999886.0,699920.2,1299851.8,37255
435,999886.0,699920.2,1299851.8,37330
436,999886.0,699920.2,1299851.8,37409
437,999886.0,699920.2,1299851.8,37497
438,999886.0,699920.2,1299851.8,37579
439,999886.0,699920.2,1299851.8,37660
440,999886.0,699920.2,1299851.8,37740
441,999886.0,699920.2,1299851.8,37814
442,999886.0,699920.2,1299851.8,37893
443,999886.0,699920.2,1299851.8,37976
444,999886.0,699920.2,1299851.8,38053
445,999886.0,699920.2,1299851.8,38136
446,999886.0,699920.2,1299851.8,38218
447,999886.0,699920.2,1299851.8,38296
448,999886.0,699920.2,1299851.8,38375
449,999886.0,699920.2,1299851.8,38459
450,999886.0,699920.2,1299851.8,38537
451,999886.0,699920.2,1299851.8,38616
452,999886.0,699920.2,1299851.8,38697
453,999886.0,699920.2,1299851.8,38782
454,999886.0,699920.2,1299851.8,38862
455,999886.0,699920.2,1299851.8,38945
456,999886.0,699920.2,1299851.8,39025
457,999886.0,699920.2,1299851.8,39106
458,999886.0,699920.2,1299851.8,39185
459,999886.0,699920.2,1299851.8,39264
460,999886.0,699920.2,1299851.8,39343
461,999886.0,699920.2,1299851.8,39430
462,999886.0,699920.2,1299851.8,39508
463,999886.0,699920.2,1299851.8,39593
464,999886.0,699920.2,1299851.8,39678
465,999886.0,699920.2,1299851.8,39758
466,999886.0,699920.2,1299851.8,39840
467,999886.0,699920.2,1299851.8,39928
468,999886.0,699920.2,1299851.8,40016
469,999886.0,699920.2,1299851.8,40105
470,999886.0,699920.2,1299851.8,40188
471,999886.0,699920.2,1299851.8,40266
472,999886.0,699920.2,1299851.8,40350
473,999886.0,699920.2,1299851.8,40432
474,999886.0,699920.2,1299851.8,40512
475,999886.0,699920.2,1299851.8,40593
476,999886.0,699920.2,1299851.8,40674
477,999886.0,699920.2,1299851.8,40760
478,999886.0,699920.2,1299851.8,40837
479,999886.0,699920.2,1299851.8,40917
480,999886.0,699920.2,1299851.8,40999
481,999886.0,699920.2,1299851.8,41076
482,999886.0,699920.2,1299851.8,41150
483,999886.0,699920.2,1299851.8,41233
484,999886.0,699920.2,1299851.8,41314
485,999886.0,699920.2,1299851.8,41391
486,999886.0,699920.2,1299851.8,41475
487,999886.0,699920.2,1299851.8,41558
488,999886.0,699920.2,1299851.8,41636
489,999886.0,699920.2,1299851.8,41718
490,999886.0,699920.2,1299851.8,41790
491,999886.0,699920.2,1299851.8,41873
492,999886.0,699920.2,1299851.8,41957
493,999886.0,699920.2,1299851.8,42038
494,999886.0,699920.2,1299851.8,42127
495,999886.0,699920.2,1299851.8,42207
496,999886.0,699920.2,1299851.8,42282
497,999886.0,699920.2,1299851.8,42366
498,999886.0,699920.2,1299851.8,42447
499,999886.0,699920.2,1299851.8,42527
500,999886.0,699920.2,1299851.8,42611
501,999886.0,699920.2,1299851.8,42692
502,999886.0,699920.2,1299851.8,42773
503,999886.0,699920.2,1299851.8,42850
504,999886.0,699920.2,1299851.8,42928
505,999886.0,699920.2,1299851.8,43007
506,999886.0,699920.2,1299851.8,43078
507,999886.0,699920.2,1299851.8,43161
508,999886.0,699920.2,1299851.8,43242
509,999886.0,699920.2,1299851.8,43327
510,999886.0,699920.2,1299851.8,43408
511,999886.0,699920.2,1299851.8,43493
512,999886.0,699920.2,1299851.8,43572
513,999886.0,699920.2,1299851.8,43650
514,999886.0,699920.2,1299851.8,43732
515,999886.0,699920.2,1299851.8,43813
516,999886.0,699920.2,1299851.8,43894
517,999886.0,699920.2,1299851.8,43974
518,999886.0,699920.2,1299851.8,44059
519,999886.0,699920.2,1299851.8,44141
520,999886.0,699920.2,1299851.8,44221
521,999886.0,699920.2,1299851.8,44299
522,999886.0,699920.2,1299851.8,44379
523,999886.0,699920.2,1299851.8,44453
524,999886.0,699920.2,1299851.8,44531
525,999886.0,699920.2,1299851.8,44618
526,999886.0,699920.2,1299851.8,44698
527,999886.0,699920.2,1299851.8,44778
528,999886.0,699920.2,1299851.8,44858
529,999886.0,699920.2,1299851.8,44935
530,999886.0,699920.2,1299851.8,45014
531,999886.0,699920.2,1299851.8,45093
532,999886.0,699920.2,1299851.8,45177
533,999886.0,699920.2,1299851.8,45258
534,999886.0,699920.2,1299851.8,45340
535,999886.0,699920.2,1299851.8,45420
536,999886.0,699920.2,1299851.8,45501
537,999886.0,699920.2,1299851.8,45579
538,999886.0,699920.2,1299851.8,45660
539,999886.0,699920.2,1299851.8,45736
540,999886.0,699920.2,1299851.8,45819
541,999886.0,699920.2,1299851.8,45901
542,999886.0,699920.2,1299851.8,45986
543,999886.0,699920.2,1299851.8,46068
544,999886.0,699920.2,1299851.8,46149
545,999886.0,699920.2,1299851.8,46228
546,999886.0,699920.2,1299851.8,46309
547,999886.0,699920.2,1299851.8,46390
548,999886.0,699920.2,1299851.8,46476
549,999886.0,699920.2,1299851.8,46558
550,999886.0,699920.2,1299851.8,46640
551,999917.0,699941.9,1299892.1,46721
552,999917.0,699941.9,1299892.1,46799
553,999917.0,699941.9,1299892.1,46877
554,999917.0,699941.9,1299892.1,46958
555,999917.0,699941.9,1299892.1,47042
556,999917.0,699941.9,1299892.1,47124
557,999917.0,699941.9,1299892.1,47205
558,999917.0,699941.9,1299892.1,47285
559,999917.0,699941.9,1299892.1,47363
560,999917.0,699941.9,1299892.1,47442
561,999917.0,699941.9,1299892.1,47521
562,999917.0,699941.9,1299892.1,47602
563,999917.0,699941.9,1299892.1,47681
564,999917.0,699941.9,1299892.1,47766
565,999917.0,699941.9,1299892.1,47847
566,999917.0,699941.9,1299892.1,47928
567,999917.0,699941.9,1299892.1,48011
568,999917.0,699941.9,1299892.1,48092
569,999917.0,699941.9,1299892.1,48171
570,999917.0,699941.9,1299892.1,48251
571,999917.0,699941.9,1299892.1,48329
572,999917.0,699941.9,1299892.1,48408
573,999917.0,699941.9,1299892.1,48493
574,999917.0,699941.9,1299892.1,48572
575,999917.0,699941.9,1299892.1,48653
576,999917.0,699941.9,1299892.1,48732
577,999917.0,699941.9,1299892.1,48810
578,999917.0,699941.9,1299892.1,48891
579,999917.0,699941.9,1299892.1,48973
580,999917.0,699941.9,1299892.1,49061
581,999917.0,699941.9,1299892.1,49139
582,999917.0,699941.9,1299892.1,49221
583,999917.0,699941.9,1299892.1,49301
584,999917.0,699941.9,1299892.1,49381
585,999917.0,699941.9,1299892.1,49460
586,999917.0,699941.9,1299892.1,49543
587,999968.0,699977.6,1299958.4,49622
588,999968.0,699977.6,1299958.4,49705
589,999968.0,699977.6,1299958.4,49787
590,999968.0,699977.6,1299958.4,49865
591,999968.0,699977.6,1299958.4,49950
592,999968.0,699977.6,1299958.4,50029
593,999968.0,699977.6,1299958.4,50112
594,999968.0,699977.6,1299958.4,50194
595,999968.0,699977.6,1299958.4,50275
596,999968.0,699977.6,1299958.4,50355
597,999968.0,699977.6,1299958.4,50434
598,999968.0,699977.6,1299958.4,50515
599,999968.0,699977.6,1299958.4,50597
600,999968.0,699977.6,1299958.4,50677
601,999968.0,699977.6,1299958.4,50760
602,999968.0,699977.6,1299958.4,50839
603,999968.0,699977.6,1299958.4,50917
604,999968.0,699977.6,1299958.4,50998
605,999968.0,699977.6,1299958.4,51089
606,999968.0,699977.6,1299958.4,51167
607,999968.0,699977.6,1299958.4,51243
608,999968.0,699977.6,1299958.4,51322
609,999968.0,699977.6,1299958.4,51396
610,999968.0,699977.6,1299958.4,51478
611,999968.0,699977.6,1299958.4,51562
612,999968.0,699977.6,1299958.4,51645
613,999968.0,699977.6,1299958.4,51720
614,999968.0,699977.6,1299958.4,51801
615,999968.0,699977.6,1299958.4,51887
616,999968.0,699977.6,1299958.4,51968
617,999968.0,699977.6,1299958.4,52049
618,999968.0,699977.6,1299958.4,52127
619,999968.0,699977.6,1299958.4,52211
620,999968.0,699977.6,1299958.4,52292
621,999968.0,699977.6,1299958.4,52372
622,999968.0,699977.6,1299958.4,52467
623,999968.0,699977.6,1299958.4,52575
624,999968.0,699977.6,1299958.4,52661
625,999968.0,699977.6,1299958.4,52740
626,999968.0,699977.6,1299958.4,52823
627,999968.0,699977.6,1299958.4,52904
628,999968.0,699977.6,1299958.4,52993
629,999968.0,699977.6,1299958.4,53143
630,999968.0,699977.6,1299958.4,53263
631,999968.0,699977.6,1299958.4,53395
632,999968.0,699977.6,1299958.4,53502
633,999968.0,699977.6,1299958.4,53612
634,999968.0,699977.6,1299958.4,53704
635,999968.0,699977.6,1299958.4,53807
636,999968.0,699977.6,1299958.4,53896
637,999968.0,699977.6,1299958.4,54009
638,999968.0,699977.6,1299958.4,54106
639,999968.0,699977.6,1299958.4,54193
640,999968.0,699977.6,1299958.4,54298
641,999968.0,699977.6,1299958.4,54379
642,999968.0,699977.6,1299958.4,54455
643,999968.0,699977.6,1299958.4,54560
644,999968.0,699977.6,1299958.4,54678
645,999968.0,699977.6,1299958.4,54766
646,999968.0,699977.6,1299958.4,54848
647,999968.0,699977.6,1299958.4,54923
648,999968.0,699977.6,1299958.4,55003
649,999968.0,699977.6,1299958.4,55085
650,999968.0,699977.6,1299958.4,55165
651,999968.0,699977.6,1299958.4,55245
652,999968.0,699977.6,1299958.4,55289
653,999968.0,699977.6,1299958.4,55371
654,999968.0,699977.6,1299958.4,55451
655,999968.0,699977.6,1299958.4,55532
656,999968.0,699977.6,1299958.4,55613
657,999968.0,699977.6,1299958.4,55689
658,999968.0,699977.6,1299958.4,55754
659,999968.0,699977.6,1299958.4,55792
660,999968.0,699977.6,1299958.4,55847
661,999968.0,699977.6,1299958.4,55900
662,999968.0,699977.6,1299958.4,55948
663,999968.0,699977.6,1299958.4,56003
664,999968.0,699977.6,1299958.4,56074
665,999968.0,699977.6,1299958.4,56132
666,999968.0,699977.6,1299958.4,56195
667,999968.0,699977.6,1299958.4,56267
668,999968.0,699977.6,1299958.4,56328
669,999968.0,699977.6,1299958.4,56401
670,999968.0,699977.6,1299958.4,56463
671,999968.0,699977.6,1299958.4,56536
672,999968.0,699977.6,1299958.4,56615
673,999968.0,699977.6,1299958.4,56674
674,999968.0,699977.6,1299958.4,56751
675,999968.0,699977.6,1299958.4,56832
676,999968.0,699977.6,1299958.4,56905
677,999968.0,699977.6,1299958.4,56958
678,999968.0,699977.6,1299958.4,57019
679,999968.0,699977.6,1299958.4,57097
680,999968.0,699977.6,1299958.4,57179
681,999968.0,699977.6,1299958.4,57260
682,999968.0,699977.6,1299958.4,57340
683,999968.0,699977.6,1299958.4,57422
684,999968.0,699977.6,1299958.4,57504
685,999968.0,699977.6,1299958.4,57585
686,999968.0,699977.6,1299958.4,57659
687,999968.0,699977.6,1299958.4,57741
688,999968.0,699977.6,1299958.4,57822
689,999968.0,699977.6,1299958.4,57900
690,999968.0,699977.6,1299958.4,57977
691,999968.0,699977.6,1299958.4,58066
692,999968.0,699977.6,1299958.4,58139
693,999968.0,699977.6,1299958.4,58220
694,999968.0,699977.6,1299958.4,58299
695,999968.0,699977.6,1299958.4,58380
696,999968.0,699977.6,1299958.4,58460
697,999968.0,699977.6,1299958.4,58542
698,999968.0,699977.6,1299958.4,58623
699,999968.0,699977.6,1299958.4,58702
700,999968.0,699977.6,1299958.4,58782
701,999968.0,699977.6,1299958.4,58865
702,999968.0,699977.6,1299958.4,58944
703,999968.0,699977.6,1299958.4,59023
704,999968.0,699977.6,1299958.4,59105
705,999968.0,699977.6,1299958.4,59184
706,999968.0,699977.6,1299958.4,59267
707,999968.0,699977.6,1299958.4,59344
708,999968.0,699977.6,1299958.4,59423
709,999968.0,699977.6,1299958.4,59501
710,999968.0,699977.6,1299958.4,59581
711,999968.0,699977.6,1299958.4,59666
712,999968.0,699977.6,1299958.4,59744
713,999968.0,699977.6,1299958.4,59824
714,999968.0,699977.6,1299958.4,59915
715,999968.0,699977.6,1299958.4,60005
716,999968.0,699977.6,1299958.4,60084
717,999968.0,699977.6,1299958.4,60167
718,999968.0,699977.6,1299958.4,60247
719,999968.0,699977.6,1299958.4,60324
720,999968.0,699977.6,1299958.4,60403
721,999968.0,699977.6,1299958.4,60482
722,999968.0,699977.6,1299958.4,60565
723,999968.0,699977.6,1299958.4,60647
724,999968.0,699977.6,1299958.4,60729
725,999968.0,699977.6,1299958.4,60803
726,999968.0,699977.6,1299958.4,60886
727,999968.0,699977.6,1299958.4,60964
728,999968.0,699977.6,1299958.4,61044
729,999968.0,699977.6,1299958.4,61128
730,999968.0,699977.6,1299958.4,61214
731,999968.0,699977.6,1299958.4,61297
732,999968.0,699977.6,1299958.4,61384
733,999968.0,699977.6,1299958.4,61459
734,999968.0,699977.6,1299958.4,61543
735,999968.0,699977.6,1299958.4,61619
736,999968.0,699977.6,1299958.4,61700
737,999968.0,699977.6,1299958.4,61782
738,999968.0,699977.6,1299958.4,61865
739,999968.0,699977.6,1299958.4,61947
740,999968.0,699977.6,1299958.4,62023
741,999968.0,699977.6,1299958.4,62102
742,999968.0,699977.6,1299958.4,62184
743,999968.0,699977.6,1299958.4,62255
744,999968.0,699977.6,1299958.4,62328
745,999968.0,699977.6,1299958.4,62409
746,999968.0,699977.6,1299958.4,62491
747,999968.0,699977.6,1299958.4,62572
748,999968.0,699977.6,1299958.4,62650
749,999968.0,699977.6,1299958.4,62729
750,999968.0,699977.6,1299958.4,62810
751,999968.0,699977.6,1299958.4,62887
752,999968.0,699977.6,1299958.4,62965
753,999968.0,699977.6,1299958.4,63043
754,999968.0,699977.6,1299958.4,63129
755,999968.0,699977.6,1299958.4,63214
756,999968.0,699977.6,1299958.4,63302
757,999968.0,699977.6,1299958.4,63383
758,999968.0,699977.6,1299958.4,63462
759,999968.0,699977.6,1299958.4,63536
760,999968.0,699977.6,1299958.4,63618
761,999968.0,699977.6,1299958.4,63696
762,999968.0,699977.6,1299958.4,63776
763,999968.0,699977.6,1299958.4,63856
764,999968.0,699977.6,1299958.4,63936
765,999968.0,699977.6,1299958.4,64018
766,999968.0,699977.6,1299958.4,64102
767,999968.0,699977.6,1299958.4,64182
768,999968.0,699977.6,1299958.4,64262
769,999968.0,699977.6,1299958.4,64353
770,999968.0,699977.6,1299958.4,64435
771,999968.0,699977.6,1299958.4,64517
772,999968.0,699977.6,1299958.4,64598
773,999968.0,699977.6,1299958.4,64675
774,999968.0,699977.6,1299958.4,64762
775,999968.0,699977.6,1299958.4,64841
776,999968.0,699977.6,1299958.4,64926
777,999968.0,699977.6,1299958.4,65020
778,999968.0,699977.6,1299958.4,65102
779,999968.0,699977.6,1299958.4,65179
780,999968.0,699977.6,1299958.4,65262
781,999968.0,699977.6,1299958.4,65342
782,999968.0,699977.6,1299958.4,65422
783,999968.0,699977.6,1299958.4,65506
784,999968.0,699977.6,1299958.4,65585
785,999968.0,699977.6,1299958.4,65679
786,999968.0,699977.6,1299958.4,65780
787,999968.0,699977.6,1299958.4,65880
788,999968.0,699977.6,1299958.4,65955
789,999968.0,699977.6,1299958.4,66032
790,999968.0,699977.6,1299958.4,66112
791,999968.0,699977.6,1299958.4,66197
792,999968.0,699977.6,1299958.4,66279
793,999968.0,699977.6,1299958.4,66357
794,999968.0,699977.6,1299958.4,66454
795,999968.0,699977.6,1299958.4,66533
796,999968.0,699977.6,1299958.4,66613
797,999968.0,699977.6,1299958.4,66701
798,999968.0,699977.6,1299958.4,66790
799,999968.0,699977.6,1299958.4,66877
800,999968.0,699977.6,1299958.4,66959
801,999968.0,699977.6,1299958.4,67040
802,999968.0,699977.6,1299958.4,67121
803,999968.0,699977.6,1299958.4,67202
804,999968.0,699977.6,1299958.4,67286
805,999968.0,699977.6,1299958.4,67363
806,999968.0,699977.6,1299958.4,67438
807,999968.0,699977.6,1299958.4,67509
808,999968.0,699977.6,1299958.4,67595
809,999968.0,699977.6,1299958.4,67682
810,999968.0,699977.6,1299958.4,67760
811,999968.0,699977.6,1299958.4,67844
812,999968.0,699977.6,1299958.4,67921
813,999968.0,699977.6,1299958.4,68001
814,999968.0,699977.6,1299958.4,68068
815,999968.0,699977.6,1299958.4,68138
816,999968.0,699977.6,1299958.4,68210
817,999968.0,699977.6,1299958.4,68292
818,999968.0,699977.6,1299958.4,68374
819,999968.0,699977.6,1299958.4,68453
820,999968.0,699977.6,1299958.4,68534
821,999968.0,699977.6,1299958.4,68610
822,999968.0,699977.6,1299958.4,68690
823,999968.0,699977.6,1299958.4,68762
824,999968.0,699977.6,1299958.4,68843
825,999968.0,699977.6,1299958.4,68925
826,999968.0,699977.6,1299958.4,69003
827,999968.0,699977.6,1299958.4,69074
828,999968.0,699977.6,1299958.4,69151
829,999968.0,699977.6,1299958.4,69230
830,999968.0,699977.6,1299958.4,69313
831,999968.0,699977.6,1299958.4,69396
832,999968.0,699977.6,1299958.4,69474
833,999968.0,699977.6,1299958.4,69555
834,999968.0,699977.6,1299958.4,69632
835,999968.0,699977.6,1299958.4,69715
836,999968.0,699977.6,1299958.4,69790
837,999968.0,699977.6,1299958.4,69874
838,999968.0,699977.6,1299958.4,69952
839,999968.0,699977.6,1299958.4,70029
840,999968.0,699977.6,1299958.4,70109
841,999968.0,699977.6,1299958.4,70189
842,999968.0,699977.6,1299958.4,70273
843,999968.0,699977.6,1299958.4,70353
844,999968.0,699977.6,1299958.4,70434
845,999968.0,699977.6,1299958.4,70516
846,999968.0,699977.6,1299958.4,70595
847,999968.0,699977.6,1299958.4,70674
848,999968.0,699977.6,1299958.4,70755
849,999968.0,699977.6,1299958.4,70838
850,999968.0,699977.6,1299958.4,70918
851,999968.0,699977.6,1299958.4,70996
852,999968.0,699977.6,1299958.4,71076
853,999968.0,699977.6,1299958.4,71154
854,999968.0,699977.6,1299958.4,71235
855,999968.0,699977.6,1299958.4,71317
856,999968.0,699977.6,1299958.4,71394
857,999968.0,699977.6,1299958.4,71476
858,999968.0,699977.6,1299958.4,71554
859,999968.0,699977.6,1299958.4,71632
860,999968.0,699977.6,1299958.4,71713
861,999968.0,699977.6,1299958.4,71794
862,999968.0,699977.6,1299958.4,71872
863,999968.0,699977.6,1299958.4,71951
864,999968.0,699977.6,1299958.4,72030
865,999968.0,699977.6,1299958.4,72107
866,999968.0,699977.6,1299958.4,72191
867,999968.0,699977.6,1299958.4,72270
868,999968.0,699977.6,1299958.4,72353
869,999968.0,699977.6,1299958.4,72432
870,999968.0,699977.6,1299958.4,72515
871,999968.0,699977.6,1299958.4,72591
872,999968.0,699977.6,1299958.4,72666
873,999968.0,699977.6,1299958.4,72746
874,999968.0,699977.6,1299958.4,72829
875,999968.0,699977.6,1299958.4,72911
876,999968.0,699977.6,1299958.4,72990
877,999968.0,699977.6,1299958.4,73100
878,999968.0,699977.6,1299958.4,73175
879,999968.0,699977.6,1299958.4,73255
880,999968.0,699977.6,1299958.4,73344
881,999968.0,699977.6,1299958.4,73432
882,999968.0,699977.6,1299958.4,73531
883,999968.0,699977.6,1299958.4,73620
884,999968.0,699977.6,1299958.4,73701
885,999968.0,699977.6,1299958.4,73787
886,999968.0,699977.6,1299958.4,73867
887,999968.0,699977.6,1299958.4,73970
888,999968.0,699977.6,1299958.4,74053
889,999968.0,699977.6,1299958.4,74134
890,999968.0,699977.6,1299958.4,74212
891,999968.0,699977.6,1299958.4,74296
892,999968.0,699977.6,1299958.4,74377
893,999968.0,699977.6,1299958.4,74459
894,999968.0,699977.6,1299958.4,74544
895,999968.0,699977.6,1299958.4,74624
896,999968.0,699977.6,1299958.4,74706
897,999968.0,699977.6,1299958.4,74784
898,999968.0,699977.6,1299958.4,74864
899,999968.0,699977.6,1299958.4,74942
900,999968.0,699977.6,1299958.4,75027
901,999968.0,699977.6,1299958.4,75107
902,999968.0,699977.6,1299958.4,75196
903,999968.0,699977.6,1299958.4,75273
904,999968.0,699977.6,1299958.4,75353
905,999968.0,699977.6,1299958.4,75431
906,999968.0,699977.6,1299958.4,75493
907,999968.0,699977.6,1299958.4,75577
908,999968.0,699977.6,1299958.4,75654
909,999968.0,699977.6,1299958.4,75731
910,999968.0,699977.6,1299958.4,75805
911,999968.0,699977.6,1299958.4,75870
912,999968.0,699977.6,1299958.4,75946
913,999968.0,699977.6,1299958.4,76018
914,999968.0,699977.6,1299958.4,76090
915,999968.0,699977.6,1299958.4,76175
916,999968.0,699977.6,1299958.4,76248
917,999968.0,699977.6,1299958.4,76317
918,999968.0,699977.6,1299958.4,76390
919,999968.0,699977.6,1299958.4,76471
920,999968.0,699977.6,1299958.4,76552
921,999968.0,699977.6,1299958.4,76632
922,999968.0,699977.6,1299958.4,76712
923,999968.0,699977.6,1299958.4,76792
924,999968.0,699977.6,1299958.4,76868
925,999968.0,699977.6,1299958.4,76955
926,999968.0,699977.6,1299958.4,77066
927,999968.0,699977.6,1299958.4,77146
928,999968.0,699977.6,1299958.4,77223
929,999968.0,699977.6,1299958.4,77301
930,999968.0,699977.6,1299958.4,77391
931,999968.0,699977.6,1299958.4,77471
932,999968.0,699977.6,1299958.4,77550
933,999968.0,699977.6,1299958.4,77630
934,999968.0,699977.6,1299958.4,77709
935,999968.0,699977.6,1299958.4,77789
936,999968.0,699977.6,1299958.4,77866
937,999968.0,699977.6,1299958.4,77948
938,999968.0,699977.6,1299958.4,78025
939,999968.0,699977.6,1299958.4,78106
940,999968.0,699977.6,1299958.4,78184
941,999968.0,699977.6,1299958.4,78264
942,999968.0,699977.6,1299958.4,78348
943,999968.0,699977.6,1299958.4,78425
944,999968.0,699977.6,1299958.4,78503
945,999968.0,699977.6,1299958.4,78584
946,999968.0,699977.6,1299958.4,78663
947,999968.0,699977.6,1299958.4,78742
948,999975.0,699982.5,1299967.5,78827
949,999975.0,699982.5,1299967.5,78907
950,999975.0,699982.5,1299967.5,78987
951,999975.0,699982.5,1299967.5,79067
952,999975.0,699982.5,1299967.5,79147
953,999975.0,699982.5,1299967.5,79230
954,999975.0,699982.5,1299967.5,79320
955,999975.0,699982.5,1299967.5,79377
956,999975.0,699982.5,1299967.5,79455
957,999975.0,699982.5,1299967.5,79537
958,999975.0,699982.5,1299967.5,79616
959,999975.0,699982.5,1299967.5,79699
960,999975.0,699982.5,1299967.5,79775
961,999975.0,699982.5,1299967.5,79854
962,999975.0,699982.5,1299967.5,79936
963,999975.0,699982.5,1299967.5,80024
964,999975.0,699982.5,1299967.5,80123
965,999975.0,699982.5,1299967.5,80224
966,999975.0,699982.5,1299967.5,80304
967,999975.0,699982.5,1299967.5,80381
968,999975.0,699982.5,1299967.5,80463
969,999975.0,699982.5,1299967.5,80548
970,999975.0,699982.5,1299967.5,80629
971,999975.0,699982.5,1299967.5,80708
972,999975.0,699982.5,1299967.5,80783
973,999975.0,699982.5,1299967.5,80870
974,999975.0,699982.5,1299967.5,80956
975,999975.0,699982.5,1299967.5,81034
976,999975.0,699982.5,1299967.5,81116
977,999975.0,699982.5,1299967.5,81200
978,999975.0,699982.5,1299967.5,81284
979,999975.0,699982.5,1299967.5,81364
980,999975.0,699982.5,1299967.5,81444
981,999975.0,699982.5,1299967.5,81524
982,999975.0,699982.5,1299967.5,81599
983,999975.0,699982.5,1299967.5,81672
984,999975.0,699982.5,1299967.5,81752
985,999975.0,699982.5,1299967.5,81835
986,999975.0,699982.5,1299967.5,81915
987,999975.0,699982.5,1299967.5,81996
988,999975.0,699982.5,1299967.5,82069
989,999975.0,699982.5,1299967.5,82154
990,999975.0,699982.5,1299967.5,82233
991,999975.0,699982.5,1299967.5,82317
992,999975.0,699982.5,1299967.5,82392
993,999975.0,699982.5,1299967.5,82468
994,999975.0,699982.5,1299967.5,82539
995,999975.0,699982.5,1299967.5,82620
996,999975.0,699982.5,1299967.5,82702
997,999975.0,699982.5,1299967.5,82780
998,999975.0,699982.5,1299967.5,82859
999,999975.0,699982.5,1299967.5,82935
1000,999975.0,699982.5,1299967.5,83038
1001,999975.0,699982.5,1299967.5,83132
1002,999975.0,699982.5,1299967.5,83229
1003,999975.0,699982.5,1299967.5,83311
1004,999975.0,699982.5,1299967.5,83394
1005,999975.0,699982.5,1299967.5,83501
1006,999975.0,699982.5,1299967.5,83589
1007,999975.0,699982.5,1299967.5,83665
1008,999975.0,699982.5,1299967.5,83738
1009,999975.0,699982.5,1299967.5,83821
1010,999975.0,699982.5,1299967.5,83900
1011,999975.0,699982.5,1299967.5,83982
1012,999975.0,699982.5,1299967.5,84065
1013,999975.0,699982.5,1299967.5,84146
1014,999975.0,699982.5,1299967.5,84223
1015,999975.0,699982.5,1299967.5,84301
1016,999975.0,699982.5,1299967.5,84380
1017,999975.0,699982.5,1299967.5,84462
1018,999975.0,699982.5,1299967.5,84540
1019,999975.0,699982.5,1299967.5,84621
1020,999975.0,699982.5,1299967.5,84702
1021,999975.0,699982.5,1299967.5,84779
1022,999975.0,699982.5,1299967.5,84866
1023,999975.0,699982.5,1299967.5,84933
1024,999975.0,699982.5,1299967.5,85029
1025,999975.0,699982.5,1299967.5,85122
1026,999975.0,699982.5,1299967.5,85203
1027,999975.0,699982.5,1299967.5,85287
1028,999975.0,699982.5,1299967.5,85369
1029,999975.0,699982.5,1299967.5,85462
1030,999975.0,699982.5,1299967.5,85524
1031,999975.0,699982.5,1299967.5,85606
1032,999975.0,699982.5,1299967.5,85682
1033,999975.0,699982.5,1299967.5,85769
1034,999975.0,699982.5,1299967.5,85850
1035,999975.0,699982.5,1299967.5,85923
1036,999975.0,699982.5,1299967.5,85988
1037,999975.0,699982.5,1299967.5,86069
1038,999975.0,699982.5,1299967.5,86154
1039,999975.0,699982.5,1299967.5,86237
1040,999975.0,699982.5,1299967.5,86318
1041,999975.0,699982.5,1299967.5,86416
1042,999975.0,699982.5,1299967.5,86502
1043,999975.0,699982.5,1299967.5,86581
1044,999975.0,699982.5,1299967.5,86655
1045,999975.0,699982.5,1299967.5,86742
1046,999975.0,699982.5,1299967.5,86828
1047,999975.0,699982.5,1299967.5,86908
1048,999975.0,699982.5,1299967.5,86988
1049,999975.0,699982.5,1299967.5,87066
1050,999975.0,699982.5,1299967.5,87145
1051,999975.0,699982.5,1299967.5,87225
1052,999975.0,699982.5,1299967.5,87301
1053,999975.0,699982.5,1299967.5,87384
1054,999975.0,699982.5,1299967.5,87459
1055,999975.0,699982.5,1299967.5,87534
1056,999975.0,699982.5,1299967.5,87612
1057,999975.0,699982.5,1299967.5,87691
1058,999975.0,699982.5,1299967.5,87771
1059,999975.0,699982.5,1299967.5,87845
1060,999975.0,699982.5,1299967.5,87913
1061,999975.0,699982.5,1299967.5,87991
1062,999975.0,699982.5,1299967.5,88062
1063,999975.0,699982.5,1299967.5,88166
1064,999975.0,699982.5,1299967.5,88247
1065,999975.0,699982.5,1299967.5,88322
1066,999975.0,699982.5,1299967.5,88402
1067,999975.0,699982.5,1299967.5,88479
1068,999975.0,699982.5,1299967.5,88557
1069,999975.0,699982.5,1299967.5,88643
1070,999975.0,699982.5,1299967.5,88721
1071,999975.0,699982.5,1299967.5,88788
1072,999975.0,699982.5,1299967.5,88863
1073,999975.0,699982.5,1299967.5,88940
1074,999975.0,699982.5,1299967.5,89019
1075,999975.0,699982.5,1299967.5,89095
1076,999975.0,699982.5,1299967.5,89175
1077,999975.0,699982.5,1299967.5,89275
1078,999975.0,699982.5,1299967.5,89355
1079,999975.0,699982.5,1299967.5,89435
1080,999975.0,699982.5,1299967.5,89526
1081,999975.0,699982.5,1299967.5,89607
1082,999975.0,699982.5,1299967.5,89692
1083,999975.0,699982.5,1299967.5,89761
1084,999975.0,699982.5,1299967.5,89845
1085,999975.0,699982.5,1299967.5,89924
1086,999975.0,699982.5,1299967.5,90004
1087,999975.0,699982.5,1299967.5,90086
1088,999975.0,699982.5,1299967.5,90168
1089,999975.0,699982.5,1299967.5,90249
1090,999975.0,699982.5,1299967.5,90331
1091,999975.0,699982.5,1299967.5,90407
1092,999975.0,699982.5,1299967.5,90485
1093,999975.0,699982.5,1299967.5,90569
1094,999975.0,699982.5,1299967.5,90649
1095,999975.0,699982.5,1299967.5,90727
1096,999975.0,699982.5,1299967.5,90807
1097,999975.0,699982.5,1299967.5,90885
1098,999975.0,699982.5,1299967.5,90961
1099,999975.0,699982.5,1299967.5,91041
1100,999975.0,699982.5,1299967.5,91120
1101,999975.0,699982.5,1299967.5,91201
1102,999975.0,699982.5,1299967.5,91283
1103,999975.0,699982.5,1299967.5,91365
1104,999975.0,699982.5,1299967.5,91454
1105,999975.0,699982.5,1299967.5,91536
1106,999975.0,699982.5,1299967.5,91617
1107,999975.0,699982.5,1299967.5,91684
1108,999975.0,699982.5,1299967.5,91763
1109,999975.0,699982.5,1299967.5,91838
1110,999975.0,699982.5,1299967.5,91918
1111,999975.0,699982.5,1299967.5,91992
1112,999975.0,699982.5,1299967.5,92070
1113,999975.0,699982.5,1299967.5,92152
1114,999975.0,699982.5,1299967.5,92229
1115,999975.0,699982.5,1299967.5,92305
1116,999975.0,699982.5,1299967.5,92387
1117,999975.0,699982.5,1299967.5,92491
1118,999975.0,699982.5,1299967.5,92582
1119,999975.0,699982.5,1299967.5,92683
1120,999975.0,699982.5,1299967.5,92760
1121,999975.0,699982.5,1299967.5,92841
1122,999975.0,699982.5,1299967.5,92925
1123,999975.0,699982.5,1299967.5,92999
1124,999975.0,699982.5,1299967.5,93086
1125,999975.0,699982.5,1299967.5,93170
1126,999975.0,699982.5,1299967.5,93247
1127,999975.0,699982.5,1299967.5,93327
1128,999975.0,699982.5,1299967.5,93405
1129,999975.0,699982.5,1299967.5,93483
1130,999975.0,699982.5,1299967.5,93562
1131,999975.0,699982.5,1299967.5,93641
1132,999975.0,699982.5,1299967.5,93723
1133,999975.0,699982.5,1299967.5,93804
1134,999975.0,699982.5,1299967.5,93890
1135,999975.0,699982.5,1299967.5,93976
1136,999975.0,699982.5,1299967.5,94078
1137,999975.0,699982.5,1299967.5,94158
1138,999975.0,699982.5,1299967.5,94239
1139,999975.0,699982.5,1299967.5,94318
1140,999975.0,699982.5,1299967.5,94393
1141,999975.0,699982.5,1299967.5,94477
1142,999975.0,699982.5,1299967.5,94550
1143,999975.0,699982.5,1299967.5,94632
1144,999975.0,699982.5,1299967.5,94712
1145,999975.0,699982.5,1299967.5,94791
1146,999975.0,699982.5,1299967.5,94851
1147,999975.0,699982.5,1299967.5,94922
1148,999975.0,699982.5,1299967.5,94996
1149,999975.0,699982.5,1299967.5,95074
1150,999975.0,699982.5,1299967.5,95154
1151,999975.0,699982.5,1299967.5,95234
1152,999975.0,699982.5,1299967.5,95313
1153,999975.0,699982.5,1299967.5,95389
1154,999975.0,699982.5,1299967.5,95468
1155,999975.0,699982.5,1299967.5,95545
1156,999975.0,699982.5,1299967.5,95625
1157,999975.0,699982.5,1299967.5,95704
1158,999975.0,699982.5,1299967.5,95784
1159,999975.0,699982.5,1299967.5,95865
1160,999975.0,699982.5,1299967.5,95953
1161,999975.0,699982.5,1299967.5,96030
1162,999975.0,699982.5,1299967.5,96112
1163,999975.0,699982.5,1299967.5,96194
1164,999975.0,699982.5,1299967.5,96273
1165,999975.0,699982.5,1299967.5,96352
1166,999975.0,699982.5,1299967.5,96413
1167,999975.0,699982.5,1299967.5,96492
1168,999975.0,699982.5,1299967.5,96573
1169,999975.0,699982.5,1299967.5,96651
1170,999975.0,699982.5,1299967.5,96734
1171,999975.0,699982.5,1299967.5,96813
1172,999975.0,699982.5,1299967.5,96895
1173,999975.0,699982.5,1299967.5,96977
1174,999975.0,699982.5,1299967.5,97059
1175,999975.0,699982.5,1299967.5,97145
1176,999975.0,699982.5,1299967.5,97223
1177,999975.0,699982.5,1299967.5,97299
1178,999975.0,699982.5,1299967.5,97375
1179,999975.0,699982.5,1299967.5,97456
1180,999975.0,699982.5,1299967.5,97547
1181,999975.0,699982.5,1299967.5,97625
1182,999975.0,699982.5,1299967.5,97706
1183,999975.0,699982.5,1299967.5,97787
1184,999975.0,699982.5,1299967.5,97868
1185,999975.0,699982.5,1299967.5,97948
1186,999975.0,699982.5,1299967.5,98027
1187,999975.0,699982.5,1299967.5,98111
1188,999975.0,699982.5,1299967.5,98190
1189,999975.0,699982.5,1299967.5,98270
1190,999975.0,699982.5,1299967.5,98357
1191,999975.0,699982.5,1299967.5,98437
1192,999975.0,699982.5,1299967.5,98513
1193,999975.0,699982.5,1299967.5,98595
1194,999975.0,699982.5,1299967.5,98676
1195,999975.0,699982.5,1299967.5,98764
1196,999975.0,699982.5,1299967.5,98875
1197,999975.0,699982.5,1299967.5,99006
1198,999975.0,699982.5,1299967.5,99106
1199,999975.0,699982.5,1299967.5,99186
1200,999975.0,699982.5,1299967.5,99266
1201,999975.0,699982.5,1299967.5,99350
1202,999975.0,699982.5,1299967.5,99440
1203,999975.0,699982.5,1299967.5,99520
1204,999975.0,699982.5,1299967.5,99600
1205,999975.0,699982.5,1299967.5,99681
1206,999975.0,699982.5,1299967.5,99763
1207,999975.0,699982.5,1299967.5,99842
1208,999975.0,699982.5,1299967.5,99923
1209,999975.0,699982.5,1299967.5,99995
1210,999975.0,699982.5,1299967.5,100069
1211,999975.0,699982.5,1299967.5,100152
1212,999975.0,699982.5,1299967.5,100258
1213,999975.0,699982.5,1299967.5,100339
1214,999975.0,699982.5,1299967.5,100418
1215,999975.0,699982.5,1299967.5,100498
1216,999975.0,699982.5,1299967.5,100582
1217,999975.0,699982.5,1299967.5,100672
1218,999975.0,699982.5,1299967.5,100754
1219,999975.0,699982.5,1299967.5,100830
1220,999975.0,699982.5,1299967.5,100914
1221,999975.0,699982.5,1299967.5,100996
1222,999975.0,699982.5,1299967.5,101075
1223,999975.0,699982.5,1299967.5,101153
1224,999975.0,699982.5,1299967.5,101234
1225,999975.0,699982.5,1299967.5,101313
1226,999975.0,699982.5,1299967.5,101373
1227,999975.0,699982.5,1299967.5,101425
1228,999975.0,699982.5,1299967.5,101501
1229,999975.0,699982.5,1299967.5,101576
1230,999990.0,699993.0,1299987.0,101663
1231,999990.0,699993.0,1299987.0,101745
1232,999990.0,699993.0,1299987.0,101819
1233,999990.0,699993.0,1299987.0,101903
1234,999990.0,699993.0,1299987.0,101995
1235,999990.0,699993.0,1299987.0,102073
1236,999990.0,699993.0,1299987.0,102157
1237,999990.0,699993.0,1299987.0,102240
1238,999990.0,699993.0,1299987.0,102319
1239,999990.0,699993.0,1299987.0,102401
1240,999990.0,699993.0,1299987.0,102482
1241,999990.0,699993.0,1299987.0,102570
1242,999990.0,699993.0,1299987.0,102632
1243,999990.0,699993.0,1299987.0,102704
1244,999990.0,699993.0,1299987.0,102785
1245,999990.0,699993.0,1299987.0,102866
1246,999990.0,699993.0,1299987.0,102945
1247,999990.0,699993.0,1299987.0,103028
1248,999990.0,699993.0,1299987.0,103101
1249,999990.0,699993.0,1299987.0,103183
1250,999990.0,699993.0,1299987.0,103258
1251,999990.0,699993.0,1299987.0,103338
1252,999990.0,699993.0,1299987.0,103419
1253,999990.0,699993.0,1299987.0,103498
1254,999990.0,699993.0,1299987.0,103579
1255,999990.0,699993.0,1299987.0,103653
1256,999990.0,699993.0,1299987.0,103735
1257,999990.0,699993.0,1299987.0,103807
1258,999990.0,699993.0,1299987.0,103888
1259,999990.0,699993.0,1299987.0,103967
1260,999990.0,699993.0,1299987.0,104046
1261,999990.0,699993.0,1299987.0,104121
1262,999990.0,699993.0,1299987.0,104201
1263,999990.0,699993.0,1299987.0,104283
1264,999990.0,699993.0,1299987.0,104354
1265,999990.0,699993.0,1299987.0,104434
1266,999990.0,699993.0,1299987.0,104510
1267,999990.0,699993.0,1299987.0,104588
1268,999990.0,699993.0,1299987.0,104665
1269,999990.0,699993.0,1299987.0,104744
1270,999990.0,699993.0,1299987.0,104824
1271,999990.0,699993.0,1299987.0,104917
1272,999990.0,699993.0,1299987.0,105000
1273,999990.0,699993.0,1299987.0,105081
1274,999990.0,699993.0,1299987.0,105161
1275,999990.0,699993.0,1299987.0,105241
1276,999990.0,699993.0,1299987.0,105322
1277,999990.0,699993.0,1299987.0,105395
1278,999990.0,699993.0,1299987.0,105476
1279,999990.0,699993.0,1299987.0,105564
1280,999990.0,699993.0,1299987.0,105648
1281,999990.0,699993.0,1299987.0,105728
1282,999990.0,699993.0,1299987.0,105810
1283,999990.0,699993.0,1299987.0,105895
1284,999990.0,699993.0,1299987.0,105980
1285,999990.0,699993.0,1299987.0,106066
1286,999990.0,699993.0,1299987.0,106159
1287,999990.0,699993.0,1299987.0,106245
1288,999990.0,699993.0,1299987.0,106326
1289,999990.0,699993.0,1299987.0,106402
1290,999990.0,699993.0,1299987.0,106486
1291,999990.0,699993.0,1299987.0,106561
1292,999990.0,699993.0,1299987.0,106643
1293,999990.0,699993.0,1299987.0,106719
1294,999990.0,699993.0,1299987.0,106795
1295,999990.0,699993.0,1299987.0,106874
1296,999990.0,699993.0,1299987.0,106961
1297,999990.0,699993.0,1299987.0,107040
1298,999990.0,699993.0,1299987.0,107120
1299,999990.0,699993.0,1299987.0,107201
1300,999990.0,699993.0,1299987.0,107276
1301,999990.0,699993.0,1299987.0,107344
1302,999990.0,699993.0,1299987.0,107422
1303,999990.0,699993.0,1299987.0,107496
1304,999990.0,699993.0,1299987.0,107583
1305,999990.0,699993.0,1299987.0,107683
1306,999990.0,699993.0,1299987.0,107760
1307,999990.0,699993.0,1299987.0,107850
1308,999990.0,699993.0,1299987.0,107924
1309,999990.0,699993.0,1299987.0,107999
1310,999990.0,699993.0,1299987.0,108078
1311,999990.0,699993.0,1299987.0,108162
1312,999990.0,699993.0,1299987.0,108237
1313,999990.0,699993.0,1299987.0,108320
1314,999990.0,699993.0,1299987.0,108394
1315,999990.0,699993.0,1299987.0,108467
1316,999990.0,699993.0,1299987.0,108539
1317,999990.0,699993.0,1299987.0,108618
1318,999990.0,699993.0,1299987.0,108694
1319,999990.0,699993.0,1299987.0,108771
1320,999990.0,699993.0,1299987.0,108853
1321,999990.0,699993.0,1299987.0,108936
1322,999990.0,699993.0,1299987.0,109016
1323,999990.0,699993.0,1299987.0,109099
1324,999990.0,699993.0,1299987.0,109181
1325,999990.0,699993.0,1299987.0,109258
1326,999990.0,699993.0,1299987.0,109338
1327,999990.0,699993.0,1299987.0,109418
1328,999990.0,699993.0,1299987.0,109503
1329,999990.0,699993.0,1299987.0,109588
1330,999990.0,699993.0,1299987.0,109666
1331,999990.0,699993.0,1299987.0,109745
1332,999990.0,699993.0,1299987.0,109823
1333,999990.0,699993.0,1299987.0,109907
1334,999990.0,699993.0,1299987.0,109981
