events count, max value, timeSpent
1,299076.0,0
2,914042.0,0
3,914042.0,1
4,914042.0,2
5,914042.0,3
6,914042.0,7
7,914042.0,14
8,914042.0,17
9,914042.0,18
10,914042.0,18
11,914042.0,18
12,914042.0,21
13,914042.0,23
14,914042.0,24
15,914042.0,24
16,914042.0,25
17,914042.0,25
18,914042.0,30
19,914042.0,61
20,914042.0,62
21,914042.0,62
22,914042.0,62
23,914042.0,62
24,914042.0,62
25,914042.0,94
26,973358.0,115
27,973358.0,118
28,973358.0,120
29,973358.0,128
30,973358.0,130
31,973358.0,130
32,973358.0,130
33,973358.0,132
34,973358.0,135
35,973358.0,168
36,973358.0,168
37,973358.0,169
38,973358.0,169
39,973358.0,169
40,973358.0,171
41,973358.0,177
42,973358.0,188
43,973358.0,188
44,973358.0,189
45,992085.0,189
46,992085.0,189
47,973358.0,189
48,973358.0,189
49,973358.0,189
50,973358.0,189
51,973358.0,190
52,998672.0,192
53,973358.0,192
54,973358.0,192
55,973358.0,192
56,973358.0,193
57,973358.0,194
58,973358.0,194
59,973358.0,194
60,973358.0,195
61,998672.0,197
62,998672.0,197
63,998672.0,197
64,973358.0,197
65,973358.0,198
66,973358.0,198
67,973358.0,200
68,973358.0,200
69,973358.0,200
70,973358.0,201
71,998672.0,201
72,998672.0,201
73,998672.0,201
74,998672.0,201
75,998672.0,201
76,998672.0,202
77,998672.0,202
78,998672.0,202
79,998672.0,202
80,998672.0,202
81,998672.0,203
82,998672.0,203
83,998672.0,213
84,998672.0,213
85,998672.0,213
86,998672.0,216
87,998672.0,216
88,998672.0,216
89,998672.0,216
90,998672.0,216
91,998672.0,216
92,998672.0,216
93,998672.0,217
94,998672.0,217
95,998672.0,217
96,998672.0,218
97,998672.0,219
98,999782.0,219
99,998672.0,219
100,998672.0,221
101,998672.0,221
102,998672.0,226
103,998672.0,226
104,998672.0,233
105,998672.0,233
106,998672.0,233
107,998672.0,234
108,998672.0,234
109,998672.0,234
110,998672.0,234
111,999782.0,234
112,998672.0,235
113,998672.0,235
114,998672.0,235
115,998672.0,235
116,999782.0,235
117,999782.0,236
118,998672.0,236
119,998672.0,236
120,998672.0,237
121,998672.0,237
122,998672.0,237
123,998672.0,237
124,998672.0,237
125,998672.0,237
126,998672.0,237
127,998672.0,238
128,998672.0,238
129,998672.0,238
130,998672.0,238
131,992085.0,238
132,992085.0,239
133,992085.0,239
134,992085.0,239
135,992085.0,239
136,992085.0,239
137,992085.0,240
138,992085.0,240
139,992085.0,240
140,992085.0,240
141,992085.0,240
142,992085.0,240
143,992085.0,240
144,999782.0,241
145,992085.0,241
146,992085.0,241
147,992085.0,241
148,992085.0,241
149,992085.0,241
150,992085.0,241
151,992085.0,242
152,992085.0,242
153,992085.0,242
154,992085.0,242
155,992085.0,243
156,992085.0,243
157,992085.0,243
158,992085.0,243
159,992085.0,243
160,992085.0,244
161,992085.0,244
162,992085.0,244
163,992085.0,249
164,992085.0,249
165,992085.0,249
166,992085.0,249
167,992085.0,249
168,992085.0,250
169,992085.0,250
170,992085.0,250
171,992085.0,250
172,992085.0,251
173,999782.0,251
174,992085.0,251
175,999782.0,252
176,992085.0,252
177,992085.0,252
178,992085.0,252
179,992085.0,253
180,992085.0,253
181,992085.0,253
182,992085.0,254
183,992085.0,254
184,992085.0,255
185,992085.0,255
186,992085.0,255
187,992085.0,255
188,992085.0,256
189,992085.0,257
190,992085.0,260
191,992085.0,260
192,992085.0,261
193,992085.0,263
194,992085.0,263
195,992085.0,263
196,992085.0,264
197,992085.0,264
198,992085.0,264
199,992085.0,265
200,992085.0,265
201,992085.0,265
202,992085.0,266
203,999782.0,266
204,999782.0,266
205,992085.0,267
206,992085.0,267
207,992085.0,270
208,992085.0,270
209,992085.0,270
210,992085.0,270
211,988570.0,271
212,988570.0,271
213,988570.0,271
214,988570.0,271
215,988570.0,272
216,988570.0,272
217,988570.0,272
218,988570.0,272
219,988570.0,272
220,988570.0,273
221,988570.0,273
222,988570.0,273
223,988570.0,273
224,988570.0,273
225,988570.0,274
226,988570.0,274
227,988570.0,274
228,988570.0,274
229,988570.0,274
230,999782.0,274
231,999782.0,275
232,999782.0,275
233,999782.0,275
234,999782.0,275
235,999782.0,275
236,999782.0,275
237,999782.0,275
238,999782.0,275
239,999782.0,276
240,999782.0,276
241,999782.0,276
242,999782.0,276
243,999782.0,276
244,999782.0,278
245,999782.0,278
246,999782.0,278
247,999782.0,278
248,999782.0,278
249,999782.0,278
250,999782.0,278
251,999782.0,279
252,999782.0,279
253,999782.0,279
254,999782.0,279
255,999782.0,279
256,999782.0,279
257,999782.0,280
258,999782.0,280
259,999782.0,280
260,999782.0,280
261,999782.0,280
262,999782.0,280
263,999782.0,280
264,999782.0,281
265,999782.0,281
266,999782.0,281
267,999782.0,281
268,999782.0,281
269,999782.0,281
270,999782.0,281
271,999782.0,282
272,999782.0,282
273,999782.0,282
274,999782.0,282
275,999782.0,282
276,999782.0,282
277,999782.0,282
278,999782.0,283
279,999782.0,283
280,999782.0,283
281,999782.0,283
282,999782.0,283
283,999782.0,283
284,999782.0,283
285,999782.0,284
286,999782.0,284
287,999782.0,284
288,999782.0,284
289,999782.0,284
290,999782.0,284
291,999782.0,284
292,999782.0,284
293,999782.0,285
294,999782.0,285
295,999782.0,285
296,999782.0,285
297,999782.0,285
298,999782.0,285
299,999782.0,285
300,999782.0,285
301,999782.0,286
302,999782.0,286
303,999782.0,286
304,999782.0,286
305,999782.0,286
306,999782.0,286
307,999782.0,286
308,999782.0,286
309,999782.0,286
310,999782.0,287
311,999782.0,287
312,999782.0,287
313,999782.0,287
314,999782.0,287
315,999782.0,287
316,999782.0,287
317,999782.0,287
318,999782.0,287
319,999782.0,287
320,999782.0,287
321,999782.0,287
322,999782.0,288
323,999782.0,288
324,999782.0,288
325,999782.0,288
326,999782.0,288
327,999782.0,288
328,999782.0,288
329,999782.0,288
330,999782.0,288
331,999782.0,288
332,999782.0,288
333,999782.0,289
334,999782.0,289
335,999782.0,289
336,999782.0,289
337,999782.0,289
338,999782.0,289
339,999782.0,289
340,999782.0,290
341,999782.0,290
342,999782.0,290
343,999782.0,290
344,999782.0,290
345,999782.0,290
346,999782.0,290
347,999782.0,290
348,999782.0,291
349,999782.0,291
350,999782.0,291
351,999782.0,291
352,999782.0,291
353,999782.0,291
354,999782.0,291
355,999782.0,291
356,999706.0,291
357,999706.0,292
358,999706.0,292
359,999706.0,292
360,999706.0,292
361,999706.0,292
362,999706.0,292
363,999706.0,292
364,999706.0,292
365,999706.0,292
366,999706.0,292
367,999706.0,293
368,999706.0,293
369,999706.0,293
370,999706.0,293
371,999706.0,293
372,999706.0,293
373,999706.0,293
374,999706.0,293
375,999706.0,293
376,999706.0,294
377,999706.0,294
378,999706.0,294
379,999706.0,294
380,999706.0,294
381,999706.0,294
382,999706.0,294
383,999706.0,294
384,999706.0,294
385,999706.0,295
386,999706.0,295
387,999706.0,295
388,999706.0,295
389,999706.0,295
390,999706.0,295
391,998672.0,295
392,998672.0,296
393,998672.0,296
394,998672.0,296
395,998672.0,296
396,998672.0,296
397,998672.0,296
398,998672.0,296
399,998672.0,297
400,998672.0,297
401,998672.0,297
402,998672.0,297
403,998672.0,297
404,998672.0,297
405,998672.0,297
406,998672.0,298
407,998672.0,298
408,998672.0,298
409,998672.0,298
410,998672.0,298
411,998672.0,298
412,998672.0,298
413,998672.0,298
414,998672.0,298
415,998672.0,299
416,998672.0,299
417,998672.0,299
418,998672.0,299
419,998672.0,299
420,998672.0,299
421,998672.0,299
422,998672.0,299
423,998672.0,299
424,998672.0,300
425,998672.0,300
426,998672.0,300
427,998672.0,300
428,998672.0,300
429,998672.0,300
430,998672.0,301
431,998672.0,301
432,998672.0,301
433,998672.0,301
434,998672.0,301
435,998672.0,301
436,999782.0,315
437,999782.0,426
438,999782.0,538
439,999782.0,648
440,999782.0,758
441,999782.0,870
442,999782.0,982
443,999782.0,1096
444,999782.0,1214
445,999782.0,1329
446,999782.0,1437
447,999782.0,1546
448,999782.0,1654
449,999782.0,1763
450,999782.0,1874
451,999782.0,1986
452,999782.0,2096
453,999782.0,2206
454,999782.0,2318
455,999782.0,2429
456,999782.0,2541
457,999782.0,2651
458,999782.0,2760
459,999782.0,2870
460,999782.0,2981
461,999782.0,3093
462,999782.0,3203
463,999782.0,3313
464,999782.0,3425
465,999782.0,3536
466,999782.0,3654
467,999782.0,3774
468,999782.0,3895
469,999782.0,4005
470,999782.0,4114
471,999782.0,4224
472,999782.0,4336
473,999782.0,4447
474,999782.0,4561
475,999782.0,4678
476,999782.0,4790
477,999782.0,4904
478,999782.0,5017
479,999782.0,5129
480,999782.0,5242
481,999782.0,5356
482,999782.0,5467
483,999782.0,5576
484,999782.0,5684
485,999782.0,5794
486,999782.0,5903
487,999782.0,6012
488,999782.0,6121
489,999782.0,6231
490,999782.0,6340
491,999782.0,6449
492,999782.0,6559
493,999782.0,6669
494,999782.0,6780
495,999782.0,6891
496,999782.0,7001
497,999782.0,7111
498,999782.0,7222
499,999782.0,7332
500,999782.0,7446
501,999782.0,7558
502,999782.0,7671
503,999782.0,7783
504,999782.0,7898
505,999782.0,8009
506,999782.0,8122
507,999782.0,8232
508,999782.0,8343
509,999782.0,8452
510,999782.0,8560
511,999782.0,8670
512,999782.0,8784
513,999782.0,8894
514,999782.0,9005
515,999782.0,9115
516,999782.0,9224
517,999782.0,9332
518,999782.0,9440
519,999782.0,9548
520,999782.0,9657
521,999782.0,9768
522,999782.0,9876
523,999782.0,9985
524,999782.0,10093
525,999782.0,10201
526,999782.0,10309
527,999782.0,10417
528,999782.0,10525
529,999782.0,10633
530,999782.0,10741
531,999782.0,10851
532,999782.0,10959
533,999782.0,11067
534,999782.0,11175
535,999782.0,11283
536,999782.0,11391
537,999782.0,11499
538,999782.0,11607
539,999782.0,11715
540,999782.0,11823
541,999782.0,11931
542,999782.0,12039
543,999782.0,12147
544,999782.0,12255
545,999782.0,12363
546,999782.0,12471
547,999782.0,12580
548,999782.0,12688
549,999782.0,12796
550,999782.0,12904
551,999782.0,13012
552,999782.0,13119
553,999782.0,13227
554,999782.0,13335
555,999782.0,13443
556,999782.0,13551
557,999782.0,13659
558,999782.0,13767
559,999782.0,13875
560,999782.0,13982
561,999782.0,14090
562,999782.0,14198
563,999782.0,14308
564,999782.0,14418
565,999782.0,14528
566,999782.0,14638
567,999782.0,14747
568,999782.0,14856
569,999782.0,14965
570,999782.0,15078
571,999782.0,15186
572,999782.0,15294
573,999782.0,15404
574,999782.0,15514
575,999782.0,15625
576,999782.0,15736
577,999782.0,15846
578,999782.0,15957
579,999782.0,16068
580,999782.0,16179
581,999782.0,16286
582,999782.0,16395
583,999782.0,16506
584,999782.0,16616
585,999782.0,16728
586,999782.0,16838
587,999782.0,16947
588,999782.0,17059
589,999782.0,17170
590,999782.0,17278
591,999782.0,17386
592,999782.0,17496
593,999782.0,17607
594,999782.0,17716
595,999782.0,17826
596,999782.0,17936
597,999782.0,18044
598,999782.0,18154
599,999782.0,18265
600,999782.0,18376
601,999782.0,18487
602,999782.0,18599
603,999782.0,18708
604,999782.0,18819
605,999782.0,18931
606,999782.0,19042
607,999782.0,19153
608,999782.0,19263
609,999782.0,19371
610,999782.0,19480
611,999782.0,19588
612,999782.0,19697
613,999782.0,19806
614,999782.0,19915
615,999782.0,20027
616,999782.0,20140
617,999782.0,20257
618,999782.0,20373
619,999782.0,20487
620,999782.0,20598
621,999782.0,20709
622,999782.0,20819
623,999782.0,20930
624,999782.0,21040
625,999782.0,21151
626,999782.0,21260
627,999782.0,21368
628,999782.0,21479
629,999782.0,21591
630,999782.0,21702
631,999782.0,21813
632,999782.0,21929
633,999782.0,22043
634,999782.0,22157
635,999782.0,22273
636,999782.0,22383
637,999782.0,22495
638,999782.0,22612
639,999782.0,22729
640,999782.0,22845
641,999782.0,22957
642,999782.0,23068
643,999782.0,23176
644,999782.0,23283
645,999782.0,23394
646,999782.0,23503
647,999782.0,23617
648,999782.0,23726
649,999782.0,23837
650,999782.0,23948
651,999782.0,24059
652,999782.0,24174
653,999782.0,24292
654,999782.0,24403
655,999782.0,24515
656,999782.0,24626
657,999782.0,24735
658,999782.0,24845
659,999782.0,24960
660,999782.0,25071
661,999782.0,25185
662,999782.0,25294
663,999782.0,25402
664,999782.0,25512
665,999782.0,25627
666,999782.0,25745
667,999782.0,25863
668,999782.0,25980
669,999782.0,26093
670,999782.0,26210
671,999782.0,26327
672,999782.0,26445
673,999782.0,26560
674,999782.0,26672
675,999782.0,26781
676,999782.0,26894
677,999782.0,27007
678,999782.0,27117
679,999782.0,27226
680,999782.0,27335
681,999782.0,27444
682,999782.0,27554
683,999782.0,27662
684,999782.0,27771
685,999782.0,27881
686,999782.0,27994
687,999782.0,28111
688,999782.0,28221
689,999782.0,28337
690,999782.0,28454
691,999782.0,28570
692,999782.0,28688
693,999782.0,28806
694,999782.0,28921
695,999782.0,29039
696,999782.0,29155
697,999782.0,29266
698,999782.0,29379
699,999782.0,29497
700,999782.0,29612
701,999782.0,29729
702,999782.0,29846
703,999782.0,29964
704,999782.0,30081
705,999782.0,30192
706,999782.0,30299
707,999782.0,30410
708,999782.0,30525
709,999782.0,30643
710,999782.0,30759
711,999782.0,30877
712,999782.0,30995
713,999782.0,31112
714,999782.0,31230
715,999782.0,31347
716,999782.0,31465
717,999782.0,31583
718,999782.0,31701
719,999782.0,31818
720,999782.0,31936
721,999782.0,32054
722,999782.0,32167
723,999782.0,32285
724,999782.0,32395
725,999782.0,32509
726,999782.0,32626
727,999782.0,32744
728,999782.0,32861
729,999782.0,32974
730,999782.0,33091
731,999782.0,33209
732,999782.0,33327
733,999782.0,33444
734,999782.0,33562
735,999782.0,33680
736,999782.0,33798
737,999782.0,33916
738,999782.0,34034
739,999782.0,34152
740,999782.0,34270
741,999782.0,34386
742,999782.0,34501
743,999782.0,34612
744,999782.0,34722
745,999782.0,34829
746,999782.0,34937
747,999782.0,35046
748,999782.0,35155
749,999782.0,35264
750,999782.0,35372
751,999782.0,35483
752,999782.0,35593
753,999782.0,35706
754,999782.0,35819
755,999782.0,35936
756,999782.0,36052
757,999782.0,36165
758,999782.0,36281
759,999782.0,36392
760,999782.0,36499
761,999782.0,36608
762,999782.0,36722
763,999782.0,36839
764,999782.0,36956
765,999782.0,37074
766,999782.0,37191
767,999782.0,37299
768,999782.0,37409
769,999782.0,37526
770,999782.0,37644
771,999782.0,37762
772,999782.0,37878
773,999782.0,37987
774,999782.0,38098
775,999782.0,38206
776,999782.0,38313
777,999782.0,38423
778,999782.0,38535
779,999782.0,38649
780,999782.0,38763
781,999782.0,38874
782,999782.0,38983
783,999782.0,39094
784,999782.0,39203
785,999782.0,39314
786,999782.0,39424
787,999782.0,39534
788,999782.0,39645
789,999782.0,39756
790,999782.0,39869
791,999782.0,39978
792,999782.0,40087
793,999782.0,40199
794,999782.0,40314
795,999782.0,40432
796,999782.0,40549
797,999782.0,40666
798,999782.0,40778
799,999782.0,40891
800,999782.0,41007
801,999782.0,41117
802,999782.0,41228
803,999782.0,41338
804,999782.0,41450
805,999782.0,41566
806,999782.0,41681
807,999782.0,41798
808,999782.0,41916
809,999782.0,42033
810,999782.0,42149
811,999782.0,42262
812,999782.0,42370
813,999782.0,42479
814,999782.0,42591
815,999782.0,42701
816,999782.0,42815
817,999782.0,42924
818,999782.0,43033
819,999782.0,43143
820,999782.0,43254
821,999782.0,43363
822,999782.0,43474
823,999782.0,43586
824,999782.0,43695
825,999782.0,43807
826,999782.0,43920
827,999782.0,44030
828,999782.0,44140
829,999782.0,44251
830,999782.0,44367
831,999782.0,44477
832,999782.0,44588
833,999782.0,44698
834,999782.0,44810
835,999782.0,44926
836,999782.0,45040
837,999782.0,45151
838,999782.0,45268
839,999782.0,45385
840,999782.0,45499
841,999782.0,45613
842,999782.0,45728
843,999782.0,45845
844,999782.0,45963
845,999782.0,46079
846,999782.0,46195
847,999782.0,46307
848,999782.0,46414
849,999782.0,46522
850,999782.0,46633
851,999782.0,46748
852,999782.0,46864
853,999782.0,46973
854,999782.0,47084
855,999782.0,47198
856,999782.0,47308
857,999782.0,47418
858,999782.0,47529
859,999782.0,47641
860,999782.0,47753
861,999782.0,47866
862,999782.0,47983
863,999782.0,48101
864,999782.0,48218
865,999782.0,48334
866,999782.0,48442
867,999782.0,48550
868,999782.0,48664
869,999782.0,48780
870,999782.0,48889
871,999782.0,49006
872,999782.0,49123
873,999782.0,49241
874,999782.0,49354
875,999782.0,49471
876,999782.0,49587
877,999782.0,49705
878,999782.0,49822
879,999782.0,49940
880,999782.0,50057
881,999782.0,50175
882,999782.0,50293
883,999782.0,50411
884,999782.0,50528
885,999782.0,50646
886,999782.0,50763
887,999782.0,50881
888,999782.0,50998
889,999782.0,51116
890,999782.0,51233
891,999782.0,51342
892,999782.0,51450
893,999782.0,51560
894,999782.0,51671
895,999782.0,51782
896,999782.0,51895
897,999782.0,52012
898,999782.0,52129
899,999782.0,52246
900,999782.0,52360
901,999782.0,52470
902,999782.0,52581
903,999782.0,52692
904,999782.0,52805
905,999782.0,52923
906,999782.0,53041
907,999782.0,53158
908,999782.0,53269
909,999782.0,53381
910,999782.0,53488
911,999782.0,53596
912,999782.0,53707
913,999782.0,53823
914,999782.0,53940
915,999782.0,54052
916,999782.0,54161
917,999782.0,54270
918,999782.0,54378
919,999782.0,54490
920,999782.0,54599
921,999782.0,54709
922,999782.0,54824
923,999782.0,54942
924,999782.0,55060
925,999782.0,55178
926,999782.0,55291
927,999782.0,55399
928,999782.0,55510
929,999782.0,55626
930,999782.0,55744
931,999782.0,55862
932,999782.0,55979
933,999782.0,56093
934,999782.0,56209
935,999782.0,56327
936,999782.0,56444
937,999782.0,56560
938,999782.0,56679
939,999782.0,56796
940,999782.0,56914
941,999782.0,57031
942,999782.0,57144
943,999782.0,57261
944,999782.0,57379
945,999782.0,57497
946,999782.0,57616
947,999782.0,57731
948,999782.0,57848
949,999782.0,57965
950,999782.0,58080
951,999782.0,58190
952,999782.0,58298
953,999782.0,58410
954,999782.0,58520
955,999782.0,58634
956,999782.0,58752
957,999782.0,58870
958,999782.0,58986
959,999782.0,59101
960,999782.0,59213
961,999782.0,59324
962,999782.0,59440
963,999782.0,59557
964,999782.0,59676
965,999782.0,59793
966,999782.0,59911
967,999782.0,60028
968,999782.0,60141
969,999782.0,60249
970,999782.0,60358
971,999782.0,60470
972,999782.0,60588
973,999782.0,60705
974,999782.0,60824
975,999782.0,60944
976,999782.0,61054
977,999782.0,61162
978,999782.0,61270
979,999782.0,61381
980,999782.0,61492
981,999782.0,61602
982,999782.0,61712
983,999782.0,61823
984,999782.0,61935
985,999782.0,62046
986,999782.0,62156
987,999782.0,62268
988,999782.0,62379
989,999782.0,62490
990,999782.0,62604
991,999782.0,62721
992,999782.0,62838
993,999782.0,62958
994,999782.0,63078
995,999782.0,63186
996,999782.0,63294
997,999782.0,63406
998,999782.0,63517
999,999782.0,63629
1000,999782.0,63740
1001,999782.0,63852
1002,999782.0,63962
1003,999782.0,64073
1004,999782.0,64186
1005,999782.0,64298
1006,999782.0,64410
1007,999782.0,64523
1008,999782.0,64634
1009,999782.0,64746
1010,999782.0,64856
1011,999782.0,64969
1012,999782.0,65080
1013,999782.0,65192
1014,999782.0,65306
1015,999782.0,65421
1016,999782.0,65533
1017,999782.0,65642
1018,999782.0,65752
1019,999782.0,65862
1020,999782.0,65979
1021,999782.0,66089
1022,999782.0,66198
1023,999782.0,66309
1024,999782.0,66421
1025,999782.0,66539
1026,999782.0,66656
1027,999782.0,66771
1028,999782.0,66886
1029,999782.0,67003
1030,999782.0,67119
1031,999782.0,67229
1032,999782.0,67337
1033,999782.0,67446
1034,999782.0,67557
1035,999782.0,67672
1036,999782.0,67786
1037,999782.0,67898
1038,999782.0,68008
1039,999782.0,68117
1040,999782.0,68230
1041,999782.0,68341
1042,999782.0,68452
1043,999782.0,68561
1044,999782.0,68672
1045,999782.0,68782
1046,999782.0,68894
1047,999782.0,69004
1048,999782.0,69114
1049,999782.0,69222
1050,999782.0,69330
1051,999782.0,69443
1052,999782.0,69555
1053,999782.0,69664
1054,999782.0,69773
1055,999782.0,69883
1056,999782.0,69994
1057,999782.0,70100
1058,999782.0,70209
1059,999782.0,70318
1060,999782.0,70427
1061,999782.0,70536
1062,999782.0,70647
1063,999782.0,70756
1064,999782.0,70866
1065,999782.0,70976
1066,999782.0,71086
1067,999782.0,71197
1068,999782.0,71310
1069,999782.0,71423
1070,999782.0,71536
1071,999782.0,71648
1072,999782.0,71763
1073,999782.0,71875
1074,999782.0,71985
1075,999782.0,72093
1076,999782.0,72200
1077,999782.0,72309
1078,999782.0,72418
1079,999782.0,72526
1080,999782.0,72635
1081,999782.0,72744
1082,999782.0,72853
1083,999782.0,72966
1084,999782.0,73074
1085,999782.0,73183
1086,999782.0,73291
1087,999782.0,73399
1088,999782.0,73507
1089,999782.0,73615
1090,999782.0,73731
1091,999782.0,73838
1092,999782.0,73946
1093,999782.0,74054
1094,999782.0,74163
1095,999782.0,74273
1096,999782.0,74383
1097,999782.0,74491
1098,999782.0,74600
1099,999782.0,74708
1100,999782.0,74817
1101,999782.0,74926
1102,999782.0,75033
1103,999782.0,75144
1104,999782.0,75255
1105,999782.0,75363
1106,999782.0,75471
1107,999782.0,75579
1108,999782.0,75688
1109,999782.0,75797
1110,999782.0,75904
1111,999782.0,76013
1112,999782.0,76125
1113,999782.0,76236
1114,999782.0,76345
1115,999782.0,76463
1116,999782.0,76571
1117,999782.0,76680
1118,999782.0,76789
1119,999782.0,76898
1120,999782.0,77007
1121,999782.0,77114
1122,999782.0,77221
1123,999782.0,77329
1124,999782.0,77437
1125,999782.0,77546
1126,999782.0,77656
1127,999782.0,77770
1128,999782.0,77882
1129,999782.0,77992
1130,999782.0,78102
1131,999782.0,78211
1132,999782.0,78322
1133,999782.0,78432
1134,999782.0,78542
1135,999782.0,78652
1136,999782.0,78764
1137,999782.0,78877
1138,999782.0,78986
1139,999782.0,79093
1140,999782.0,79204
1141,999782.0,79314
1142,999782.0,79423
1143,999782.0,79533
1144,999782.0,79647
1145,999782.0,79762
1146,999782.0,79876
1147,999782.0,79991
1148,999782.0,80106
1149,999782.0,80219
1150,999782.0,80334
1151,999782.0,80450
1152,999782.0,80565
1153,999782.0,80682
1154,999782.0,80797
1155,999782.0,80911
1156,999782.0,81025
1157,999782.0,81141
1158,999782.0,81256
1159,999782.0,81365
1160,999782.0,81479
1161,999782.0,81593
1162,999782.0,81711
1163,999782.0,81820
1164,999782.0,81930
1165,999782.0,82038
1166,999782.0,82147
1167,999782.0,82258
1168,999782.0,82368
1169,999782.0,82477
1170,999782.0,82586
1171,999782.0,82697
1172,999782.0,82807
1173,999782.0,82918
1174,999782.0,83033
1175,999782.0,83142
1176,999782.0,83251
1177,999782.0,83358
1178,999782.0,83465
1179,999782.0,83574
1180,999782.0,83684
1181,999782.0,83796
1182,999782.0,83937
1183,999782.0,84047
1184,999782.0,84157
1185,999782.0,84270
1186,999782.0,84384
1187,999782.0,84497
1188,999782.0,84607
1189,999782.0,84720
1190,999782.0,84833
1191,999782.0,84948
1192,999782.0,85058
1193,999782.0,85167
1194,999782.0,85277
1195,999782.0,85388
1196,999782.0,85500
1197,999782.0,85614
1198,999782.0,85723
1199,999782.0,85838
1200,999782.0,85952
1201,999782.0,86067
1202,999782.0,86179
1203,999782.0,86293
1204,999782.0,86407
1205,999782.0,86516
1206,999782.0,86627
1207,999782.0,86737
1208,999782.0,86851
1209,999782.0,86965
1210,999782.0,87077
1211,999782.0,87192
1212,999782.0,87307
1213,999782.0,87422
1214,999782.0,87535
1215,999782.0,87650
1216,999782.0,87765
1217,999782.0,87881
1218,999782.0,87996
1219,999782.0,88111
1220,999782.0,88222
1221,999782.0,88336
1222,999782.0,88451
1223,999782.0,88566
1224,999782.0,88680
1225,999782.0,88795
1226,999782.0,88910
1227,999782.0,89024
1228,999782.0,89139
1229,999782.0,89254
1230,999782.0,89369
1231,999782.0,89484
1232,999782.0,89599
1233,999782.0,89714
1234,999782.0,89829
1235,999782.0,89943
1236,999782.0,90058
1237,999782.0,90170
1238,999782.0,90282
1239,999782.0,90396
1240,999782.0,90511
1241,999782.0,90626
1242,999782.0,90741
1243,999782.0,90856
1244,999782.0,90972
1245,999782.0,91086
1246,999782.0,91200
1247,999782.0,91315
1248,999782.0,91430
1249,999782.0,91545
1250,999782.0,91657
1251,999782.0,91765
1252,999782.0,91874
1253,999782.0,91984
1254,999782.0,92099
1255,999782.0,92209
1256,999782.0,92319
1257,999782.0,92429
1258,999782.0,92540
1259,999782.0,92652
1260,999782.0,92762
1261,999782.0,92872
1262,999782.0,92982
1263,999782.0,93091
1264,999782.0,93202
1265,999782.0,93313
1266,999782.0,93426
1267,999782.0,93537
1268,999782.0,93648
1269,999782.0,93762
1270,999782.0,93873
1271,999782.0,93986
1272,999782.0,94097
1273,999782.0,94208
1274,999782.0,94316
1275,999782.0,94427
1276,999782.0,94540
1277,999782.0,94653
1278,999782.0,94762
1279,999782.0,94871
1280,999782.0,94982
1281,999782.0,95093
1282,999782.0,95202
1283,999782.0,95311
1284,999782.0,95422
1285,999782.0,95536
1286,999782.0,95650
1287,999782.0,95764
1288,999782.0,95877
1289,999782.0,95992
1290,999782.0,96106
1291,999782.0,96221
1292,999782.0,96335
1293,999782.0,96449
1294,999782.0,96561
1295,999782.0,96676
1296,999782.0,96791
1297,999782.0,96906
1298,999782.0,97021
1299,999782.0,97135
1300,999782.0,97245
1301,999782.0,97356
1302,999782.0,97471
1303,999782.0,97587
1304,999782.0,97702
1305,999782.0,97815
1306,999782.0,97930
1307,999782.0,98045
1308,999782.0,98157
1309,999782.0,98270
1310,999782.0,98384
1311,999782.0,98499
1312,999782.0,98614
1313,999782.0,98727
1314,999782.0,98841
1315,999782.0,98954
1316,999782.0,99067
1317,999782.0,99181
1318,999782.0,99291
1319,999782.0,99402
1320,999782.0,99516
1321,999782.0,99625
1322,999782.0,99735
1323,999782.0,99843
1324,999782.0,99950
1325,999782.0,100059
1326,999782.0,100168
1327,999782.0,100276
1328,999782.0,100384
1329,999782.0,100492
1330,999782.0,100601
1331,999782.0,100711
1332,999782.0,100820
1333,999782.0,100930
1334,999782.0,101040
1335,999782.0,101151
1336,999782.0,101261
1337,999782.0,101370
1338,999782.0,101478
1339,999782.0,101588
1340,999782.0,101698
1341,999782.0,101808
1342,999782.0,101918
1343,999782.0,102030
1344,999782.0,102144
1345,999782.0,102259
1346,999782.0,102372
1347,999782.0,102484
1348,999782.0,102594
1349,999782.0,102704
1350,999782.0,102814
1351,999782.0,102925
1352,999782.0,103035
1353,999782.0,103145
1354,999782.0,103255
1355,999782.0,103367
1356,999782.0,103481
1357,999782.0,103591
1358,999782.0,103700
1359,999782.0,103810
1360,999782.0,103920
1361,999782.0,104031
1362,999782.0,104142
1363,999782.0,104255
1364,999782.0,104366
1365,999782.0,104477
1366,999782.0,104588
1367,999782.0,104704
1368,999782.0,104816
1369,999782.0,104930
1370,999782.0,105041
1371,999782.0,105151
1372,999782.0,105260
1373,999782.0,105371
1374,999782.0,105481
1375,999782.0,105592
1376,999782.0,105702
1377,999782.0,105812
1378,999782.0,105923
1379,999782.0,106033
1380,999782.0,106143
1381,999782.0,106254
1382,999782.0,106364
1383,999782.0,106476
1384,999782.0,106588
1385,999782.0,106698
1386,999782.0,106810
1387,999782.0,106920
1388,999782.0,107030
1389,999782.0,107140
1390,999782.0,107250
1391,999782.0,107359
1392,999782.0,107469
1393,999782.0,107579
1394,999782.0,107691
1395,999782.0,107805
1396,999782.0,107916
1397,999782.0,108026
1398,999782.0,108136
1399,999782.0,108247
1400,999782.0,108362
1401,999782.0,108477
1402,999782.0,108591
1403,999782.0,108706
1404,999782.0,108820
1405,999782.0,108934
1406,999782.0,109045
1407,999782.0,109156
1408,999782.0,109268
1409,999782.0,109377
1410,999782.0,109489
1411,999782.0,109600
1412,999782.0,109710
1413,999782.0,109823
1414,999782.0,109938
1415,999782.0,110053
1416,999782.0,110167
1417,999782.0,110278
1418,999782.0,110385
1419,999782.0,110493
