events count, average value,lower bound - 0.3, upper bound - 0.3, timeSpent
1,9430.0,6601.0,12259.0,0
2,5766.53947368,4036.57763158,7496.50131579,50
3,5368.46794872,3757.9275641,6979.00833333,117
4,5499.29317269,3849.50522088,7149.0811245,146
5,5455.77439024,3819.04207317,7092.50670732,176
6,5455.99513382,3819.19659367,7092.79367397,196
7,5383.91091314,3768.7376392,6999.08418708,221
8,5246.72264151,3672.70584906,6820.73943396,289
9,5253.40099834,3677.38069884,6829.42129784,353
10,5211.0147929,3647.71035503,6774.31923077,445
11,5170.45672437,3619.31970706,6721.59374168,533
12,5169.16585956,3618.41610169,6719.91561743,627
13,5164.82463929,3615.3772475,6714.27203108,716
14,5173.93852459,3621.75696721,6726.12008197,806
15,5147.57564225,3603.30294957,6691.84833492,908
16,5142.3401421,3599.63809947,6685.04218472,1002
17,5163.5653622,3614.49575354,6712.63497086,1091
18,5181.68416928,3627.1789185,6736.18942006,1180
19,5172.78904515,3620.95233161,6724.6257587,1286
20,5161.97615708,3613.38330996,6710.56900421,1380
21,5194.91472352,3636.44030646,6753.38914057,1462
22,5173.45685279,3621.41979695,6725.49390863,1555
23,5150.16596002,3605.11617202,6695.21574803,1636
24,5150.14426419,3605.10098494,6695.18754345,1722
25,5145.93225986,3602.1525819,6689.71193781,1807
26,5151.65138593,3606.15597015,6697.14680171,1894
27,5126.77396207,3588.74177345,6664.80615069,1997
28,5119.90918065,3583.93642646,6655.88193485,2087
29,5123.18324607,3586.22827225,6660.1382199,2183
30,5126.29549632,3588.40684743,6664.18414522,2276
31,5107.52065749,3575.26446024,6639.77685473,2364
32,5113.29965606,3579.30975924,6647.28955288,2450
33,5119.45814244,3583.62069971,6655.29558517,2533
34,5111.27504039,3577.89252827,6644.6575525,2620
35,5107.95570365,3575.56899255,6640.34241474,2710
36,5110.5727342,3577.40091394,6643.74455446,2798
37,5115.30951499,3580.7166605,6649.90236949,2886
38,5112.74027378,3578.91819164,6646.56235591,2975
39,5107.24763241,3575.07334269,6639.42192213,3099
40,5106.25700615,3574.37990431,6638.134108,3221
41,5101.7844052,3571.24908364,6632.31972676,3338
42,5087.99219766,3561.59453836,6614.38985696,3426
43,5086.09425579,3560.26597905,6611.92253253,3512
44,5085.95350279,3560.16745195,6611.73955363,3598
45,5089.10178734,3562.37125114,6615.83232354,3688
46,5085.45556872,3559.8188981,6611.09223934,3759
47,5078.36250362,3554.85375254,6601.87125471,3842
48,5077.60153148,3554.32107204,6600.88199092,3928
49,5075.18189392,3552.62732574,6597.73646209,4016
50,5064.89798694,3545.42859086,6584.36738303,4104
51,5057.61183684,3540.32828579,6574.8953879,4191
52,5061.80710925,3543.26497648,6580.34924203,4279
53,5068.9764163,3548.28349141,6589.66934119,4371
54,5061.54753521,3543.08327465,6580.01179577,4456
55,5061.26906937,3542.88834856,6579.64979018,4546
56,5060.32840524,3542.22988366,6578.42692681,4647
57,5053.81813854,3537.67269698,6569.9635801,4734
58,5054.54560337,3538.18192236,6570.90928438,4821
59,5061.14157665,3542.79910365,6579.48404964,4908
60,5064.36601898,3545.05621329,6583.67582467,4993
61,5063.52121751,3544.46485226,6582.57758276,5080
62,5061.56402972,3543.0948208,6580.03323864,5164
63,5063.30466566,3544.31326596,6582.29606536,5252
64,5055.6064325,3538.92450275,6572.28836225,5338
65,5050.04790669,3535.03353468,6565.06227869,5427
66,5047.33531583,3533.13472108,6561.53591058,5514
67,5042.51040194,3529.75728136,6555.26352252,5600
68,5049.98010346,3534.98607242,6564.9741345,5695
69,5051.05841992,3535.74089394,6566.37594589,5795
70,5048.6547527,3534.05832689,6563.25117852,5882
71,5045.93848791,3532.15694153,6559.72003428,5972
72,5048.37664288,3533.86365002,6562.88963575,6081
73,5043.68746528,3530.5812257,6556.79370487,6234
74,5044.53195763,3531.17237034,6557.89154492,6363
75,5046.07007746,3532.24905422,6559.8911007,6447
76,5045.89495201,3532.12646641,6559.66343761,6534
77,5040.51938256,3528.3635678,6552.67519733,6618
78,5042.91187673,3530.03831371,6555.78543975,6705
79,5040.55204239,3528.38642967,6552.7176551,6792
80,5042.04961188,3529.43472832,6554.66449544,6883
81,5040.75854024,3528.53097817,6552.98610232,6969
82,5041.87442396,3529.31209677,6554.43675115,7077
83,5039.87855633,3527.91498943,6551.84212323,7172
84,5036.84709284,3525.79296499,6547.90122069,7259
85,5038.06538645,3526.64577051,6549.48500238,7350
86,5036.24654956,3525.37258469,6547.12051443,7434
87,5033.60285227,3523.52199659,6543.68370795,7521
88,5032.19537236,3522.53676065,6541.85398406,7607
89,5034.22026966,3523.95418876,6544.48635055,7693
90,5035.89260036,3525.12482025,6546.66038047,7779
91,5040.73603911,3528.51522737,6552.95685084,7877
92,5038.05259303,3526.63681512,6549.46837093,7960
93,5040.86088973,3528.60262281,6553.11915664,8043
94,5038.53669725,3526.97568807,6550.09770642,8120
95,5043.96624592,3530.77637215,6557.1561197,8206
96,5043.20376088,3530.24263261,6556.16488914,8292
97,5043.39175115,3530.3742258,6556.40927649,8376
98,5045.92193513,3532.14535459,6559.69851567,8461
99,5042.64617059,3529.85231941,6555.44002177,8549
100,5038.11984918,3526.68389442,6549.55580393,8642
101,5036.40234635,3525.48164245,6547.32305026,8728
102,5039.73680042,3527.8157603,6551.65784055,8814
103,5039.46307672,3527.62415371,6551.30199974,8894
104,5041.63914056,3529.1473984,6554.13088273,8978
105,5038.46212024,3526.92348417,6550.00075631,9063
106,5037.30446927,3526.11312849,6548.49581006,9151
107,5039.63602063,3527.74521444,6551.52682681,9236
108,5034.95327685,3524.4672938,6545.43925991,9323
109,5036.75175904,3525.72623133,6547.77728675,9410
110,5034.40508806,3524.08356164,6544.72661448,9498
111,5030.65761726,3521.46033208,6539.85490244,9584
112,5032.90547682,3523.03383377,6542.77711987,9673
113,5028.51231996,3519.95862397,6537.06601595,9759
114,5029.75873053,3520.83111137,6538.68634969,9845
115,5029.63852181,3520.74696527,6538.53007835,9932
116,5026.14456295,3518.30119406,6533.98793183,10017
117,5028.64785657,3520.0534996,6537.24221354,10103
118,5029.71592981,3520.80115087,6538.63070875,10192
119,5026.75482996,3518.72838097,6534.78127895,10278
120,5025.8569348,3518.09985436,6533.61401524,10364
121,5020.86979225,3514.60885457,6527.13072992,10452
122,5021.16416924,3514.81491847,6527.51342001,10539
123,5019.32313408,3513.52619386,6525.12007431,10625
124,5020.96477347,3514.67534143,6527.25420551,10712
125,5019.69702183,3513.78791528,6525.60612837,10808
126,5019.84353669,3513.89047568,6525.7965977,10894
127,5018.92815575,3513.24970903,6524.60660248,10981
128,5013.29939114,3509.3095738,6517.28920848,11067
129,5013.28767837,3509.30137486,6517.27398188,11153
130,5012.29195949,3508.60437164,6515.97954733,11241
131,5011.21197826,3507.84838478,6514.57557174,11328
132,5011.45206595,3508.01644616,6514.88768573,11414
133,5010.0978689,3507.06850823,6513.12722957,11500
134,5013.83510425,3509.68457298,6517.98563553,11586
135,5011.10018904,3507.77013233,6514.43024575,11677
136,5009.16946474,3506.41862532,6511.92030417,11764
137,5012.55837663,3508.79086364,6516.32588962,11862
138,5012.83008953,3508.98106267,6516.67911639,11947
139,5011.85788813,3508.30052169,6515.41525456,12035
140,5012.17283714,3508.520986,6515.82468828,12123
141,5012.41119893,3508.68783925,6516.13455861,12208
142,5017.57129349,3512.29990545,6522.84268154,12294
143,5022.75147873,3515.92603511,6529.57692235,12383
144,5020.58987507,3514.41291255,6526.76683759,12469
145,5021.11026757,3514.7771873,6527.44334784,12555
146,5022.17028319,3515.51919823,6528.82136815,12640
147,5022.35156607,3515.64609625,6529.05703589,12727
148,5021.18401959,3514.82881371,6527.53922547,12813
149,5020.30889109,3514.21622376,6526.40155842,12902
150,5021.81522906,3515.27066034,6528.35979778,12988
151,5022.52821971,3515.7697538,6529.28668563,13074
152,5021.25419389,3514.87793572,6527.63045206,13161
153,5021.28208052,3514.89745636,6527.66670468,13251
154,5019.60970722,3513.72679505,6525.49261938,13337
155,5020.27469483,3514.19228638,6526.35710328,13423
156,5019.46223981,3513.62356787,6525.30091175,13509
157,5019.1510982,3513.40576874,6524.89642766,13597
158,5017.39249321,3512.17474524,6522.61024117,13683
159,5019.46240824,3513.62368576,6525.30113071,13767
160,5022.73696126,3515.91587288,6529.55804964,13853
161,5024.05357887,3516.83750521,6531.26965253,13941
162,5028.75720437,3520.13004306,6537.38436568,14027
163,5024.44144515,3517.1090116,6531.77387869,14115
164,5028.92466874,3520.24726812,6537.60206936,14201
165,5026.64490692,3518.65143484,6534.63837899,14289
166,5025.97988041,3518.18591629,6533.77384454,14373
167,5023.89028994,3516.72320296,6531.05737692,14460
168,5021.25754431,3514.88028102,6527.6348076,14547
169,5021.59225458,3515.11457821,6528.06993096,14634
170,5024.56287472,3517.19401231,6531.93173714,14717
171,5025.71978668,3518.00385068,6533.43572269,14800
172,5025.9331826,3518.15322782,6533.71313738,14887
173,5028.82823037,3520.17976126,6537.47669948,14976
174,5029.50192663,3520.65134864,6538.35250462,15062
175,5027.10390008,3518.97273006,6535.23507011,15150
176,5027.60467774,3519.32327442,6535.88608106,15236
177,5030.03764866,3521.02635406,6539.04894326,15323
178,5031.50233504,3522.05163453,6540.95303555,15409
179,5028.04276833,3519.62993783,6536.45559883,15496
180,5030.33688366,3521.23581856,6539.43794876,15583
181,5032.99681505,3523.09777054,6542.89585957,15670
182,5035.15998821,3524.61199175,6545.70798468,15756
183,5033.50084243,3523.4505897,6543.55109516,15843
184,5035.61612997,3524.93129098,6546.30096896,15929
185,5037.00441997,3525.90309398,6548.10574596,16017
186,5034.30967138,3524.01676996,6544.60257279,16103
187,5034.65321482,3524.25725038,6545.04917927,16189
188,5032.69556538,3522.88689577,6542.50423499,16275
189,5030.95730799,3521.67011559,6540.24450039,16363
190,5034.6138544,3524.22969808,6544.99801072,16449
191,5033.25766613,3523.28036629,6543.23496597,16536
192,5031.25778305,3521.88044814,6540.63511797,16623
193,5031.16068329,3521.8124783,6540.50888827,16709
194,5029.53357281,3520.67350097,6538.39364465,16796
195,5031.26321215,3521.88424851,6540.6421758,16882
196,5029.27170792,3520.49019554,6538.05322029,16970
197,5030.95490103,3521.66843072,6540.24137134,17059
198,5031.53404169,3522.07382918,6540.9942542,17145
199,5032.40859201,3522.68601441,6542.13116962,17233
200,5031.03731743,3521.7261222,6540.34851266,17319
201,5029.60822612,3520.72575828,6538.49069395,17407
202,5025.2025073,3517.64175511,6532.76325949,17493
203,5027.16269553,3519.01388687,6535.31150419,17580
204,5026.19506108,3518.33654276,6534.0535794,17666
205,5024.98418404,3517.48892883,6532.47943925,17753
206,5027.13547086,3518.9948296,6535.27611212,17839
207,5026.60533299,3518.62373309,6534.58693288,17926
208,5028.80690455,3520.16483318,6537.44897591,18012
209,5028.84488174,3520.19141722,6537.49834626,18099
210,5025.80741261,3518.06518882,6533.54963639,18185
211,5020.8678814,3514.60751698,6527.12824583,18274
212,5019.58144825,3513.70701377,6525.45588272,18360
213,5022.26168166,3515.58317716,6528.94018615,18448
214,5021.03311217,3514.72317852,6527.34304582,18534
215,5024.18553361,3516.92987353,6531.4411937,18621
216,5026.35489272,3518.4484249,6534.26136054,18708
217,5024.77513734,3517.34259614,6532.20767854,18796
218,5024.53078152,3517.17154706,6531.89001597,18883
219,5025.20475812,3517.64333068,6532.76618555,18971
220,5025.74028978,3518.01820285,6533.46237672,19057
221,5023.47391067,3516.43173747,6530.51608387,19144
222,5025.66300676,3517.96410473,6533.36190878,19231
223,5027.24058615,3519.06841031,6535.412762,19318
224,5025.71063016,3517.99744111,6533.4238192,19405
225,5026.0364264,3518.22549848,6533.84735432,19493
226,5026.60535672,3518.6237497,6534.58696374,19579
227,5026.29325703,3518.40527992,6534.18123415,19667
228,5026.05391754,3518.23774228,6533.8700928,19753
229,5026.30267236,3518.41187065,6534.19347407,19841
230,5029.92838845,3520.94987191,6538.90690498,19927
231,5029.19894499,3520.43926149,6537.95862849,20015
232,5028.71707261,3520.10195083,6537.33219439,20101
233,5027.6584679,3519.36092753,6535.95600828,20190
234,5026.08279927,3518.25795949,6533.90763905,20276
235,5028.0629024,3519.64403168,6536.48177312,20364
236,5026.31918756,3518.42343129,6534.21494383,20450
237,5028.62736569,3520.03915598,6537.21557539,20537
238,5028.23520477,3519.76464334,6536.7057662,20623
239,5026.4212089,3518.49484623,6534.34757156,20710
240,5027.95353118,3519.56747183,6536.33959054,20796
241,5028.16299094,3519.71409366,6536.61188823,20884
242,5027.70552113,3519.39386479,6536.01717747,20970
243,5026.46361082,3518.52452757,6534.40269407,21057
244,5025.69587403,3517.98711182,6533.40463623,21143
245,5026.15977269,3518.31184088,6534.0077045,21231
246,5025.95271006,3518.16689704,6533.73852307,21316
247,5027.14313587,3519.00019511,6535.28607664,21405
248,5027.48089172,3519.2366242,6535.72515924,21490
249,5029.46341595,3520.62439116,6538.30244073,21576
250,5029.80418719,3520.86293103,6538.74544335,21663
251,5029.88512613,3520.91958829,6538.85066396,21750
252,5026.32247955,3518.42573568,6534.21922341,21836
253,5024.78715412,3517.35100788,6532.22330035,21922
254,5025.13048061,3517.59133642,6532.66962479,22009
255,5025.51939531,3517.86357672,6533.1752139,22093
256,5025.6818467,3517.97729269,6533.38640071,22176
257,5025.43065465,3517.80145826,6533.05985105,22262
258,5025.68084665,3517.97659265,6533.38510064,22348
259,5025.11353418,3517.57947393,6532.64759444,22435
260,5025.2685576,3517.68799032,6532.84912488,22521
261,5024.9344649,3517.45412543,6532.41480437,22608
262,5025.22604209,3517.65822946,6532.79385472,22694
263,5025.47356369,3517.83149458,6533.11563279,22782
264,5024.47059718,3517.12941803,6531.81177634,22869
265,5022.91470128,3516.04029089,6529.78911166,22956
266,5024.60193198,3517.22135238,6531.98251157,23043
267,5026.02055035,3518.21438524,6533.82671545,23130
268,5025.26785179,3517.68749625,6532.84820733,23217
269,5025.93880901,3518.15716631,6533.72045172,23304
270,5026.0707276,3518.24950932,6533.89194588,23390
271,5027.63241321,3519.34268925,6535.92213718,23478
272,5028.42723605,3519.89906524,6536.95540687,23565
273,5028.78515759,3520.14961031,6537.42070487,23652
274,5028.8507521,3520.19552647,6537.50597773,23738
275,5028.73315167,3520.11320617,6537.35309717,23825
276,5029.06113643,3520.3427955,6537.77947736,23911
277,5027.41297522,3519.18908265,6535.63686778,23998
278,5027.74061417,3519.41842992,6536.06279842,24085
279,5027.3639154,3519.15474078,6535.57309002,24172
280,5025.85233681,3518.09663576,6533.60803785,24257
281,5027.33093662,3519.13165564,6535.53021761,24343
282,5025.34299677,3517.74009774,6532.94589581,24429
283,5024.43298189,3517.10308732,6531.76287646,24516
284,5027.02939791,3518.92057854,6535.13821728,24602
285,5028.89357307,3520.22550115,6537.56164499,24690
286,5030.67005052,3521.46903537,6539.87106568,24776
287,5031.03016176,3521.72111323,6540.33921029,24864
288,5031.50092911,3522.05065038,6540.95120784,24950
289,5029.7181612,3520.80271284,6538.63360956,25038
290,5029.40883927,3520.58618749,6538.23149105,25124
291,5030.23378235,3521.16364765,6539.30391706,25211
292,5031.493494,3522.0454458,6540.9415422,25297
293,5032.03730423,3522.42611296,6541.6484955,25385
294,5033.34205497,3523.33943848,6543.34467146,25471
295,5032.98340211,3523.08838148,6542.87842275,25558
296,5031.90829793,3522.33580855,6541.48078731,25644
297,5032.70483312,3522.89338318,6542.51628305,25731
298,5032.71597235,3522.90118064,6542.53076405,25817
299,5034.12142633,3523.88499843,6544.35785423,25904
300,5036.09395345,3525.26576741,6546.92213948,25990
301,5036.27669881,3525.39368917,6547.15970846,26077
302,5035.49645641,3524.84751949,6546.14539334,26168
303,5034.46086266,3524.12260386,6544.79912145,26255
304,5036.76652293,3525.73656605,6547.7964798,26340
305,5037.81584141,3526.47108899,6549.16059383,26426
306,5038.34083756,3526.83858629,6549.84308883,26514
307,5038.20983835,3526.74688685,6549.67278986,26601
308,5039.85294884,3527.89706419,6551.80883349,26688
309,5039.36314445,3527.55420112,6551.17208779,26773
310,5039.4978426,3527.64848982,6551.34719537,26859
311,5039.12481184,3527.38736829,6550.86225539,26946
312,5038.81552774,3527.17086942,6550.46018606,27033
313,5037.70420068,3526.39294047,6549.01546088,27119
314,5037.36407395,3526.15485176,6548.57329613,27205
315,5035.65640525,3524.95948367,6546.35332682,27293
316,5035.87454499,3525.11218149,6546.63690849,27380
317,5035.87473102,3525.11231172,6546.63715033,27468
318,5034.31805182,3524.02263627,6544.61346736,27554
319,5034.72085028,3524.3045952,6545.13710536,27640
320,5036.51274764,3525.55892335,6547.46657193,27726
321,5036.52176993,3525.56523895,6547.4783009,27812
322,5035.41460375,3524.79022263,6546.03898488,27904
323,5035.13192,3524.592344,6545.671496,27992
324,5035.74143482,3525.01900438,6546.46386527,28084
325,5034.33097403,3524.03168182,6544.63026624,28172
326,5035.37984083,3524.76588858,6545.99379308,28258
327,5035.28600057,3524.7002004,6545.87180074,28343
328,5034.2230694,3523.95614858,6544.48999021,28429
329,5034.21726759,3523.95208731,6544.48244787,28517
330,5032.97686011,3523.08380207,6542.86991814,28606
331,5033.45763808,3523.42034665,6543.4949295,28694
332,5034.42334649,3524.09634254,6544.75035044,28782
333,5034.20139753,3523.94097827,6544.46181679,28869
334,5036.19554773,3525.33688341,6547.05421204,28960
335,5035.63913616,3524.94739531,6546.33087701,29047
336,5035.58986707,3524.91290695,6546.26682719,29137
337,5036.90607516,3525.83425261,6547.9778977,29223
338,5036.57141162,3525.59998813,6547.5428351,29309
339,5036.15186778,3525.30630744,6546.99742811,29395
340,5036.89789979,3525.82852985,6547.96726972,29481
341,5037.38923964,3526.17246775,6548.60601153,29572
342,5037.32769002,3526.12938302,6548.52599703,29656
343,5036.34762777,3525.44333944,6547.2519161,29744
344,5036.35858664,3525.45101065,6547.26616264,29830
345,5037.16359831,3526.01451882,6548.3126778,29917
346,5038.0982764,3526.66879348,6549.52775931,30004
347,5037.01868907,3525.91308235,6548.12429579,30091
348,5037.42157842,3526.1951049,6548.64805195,30179
349,5036.38937205,3525.47256044,6547.30618367,30267
350,5034.70373625,3524.29261537,6545.11485712,30350
351,5035.07553998,3524.55287799,6545.59820197,30425
352,5034.91138038,3524.43796627,6545.3847945,30506
353,5033.03083217,3523.12158252,6542.94008182,30587
354,5033.14802085,3523.20361459,6543.0924271,30668
355,5033.26887876,3523.28821513,6543.24954239,30750
356,5034.8977691,3524.42843837,6545.36709983,30829
357,5034.82405153,3524.37683607,6545.27126699,30912
358,5034.14344936,3523.90041455,6544.38648416,30990
359,5034.07169193,3523.85018435,6544.29319951,31071
360,5032.55723093,3522.79006165,6542.32440021,31151
361,5031.87504167,3522.31252917,6541.43755416,31232
362,5031.51857734,3522.06300414,6540.97415054,31308
363,5031.99012928,3522.39309049,6541.58716806,31392
364,5031.48027621,3522.03619334,6540.92435907,31470
365,5031.82901725,3522.28031208,6541.37772243,31550
366,5032.09749416,3522.46824591,6541.7267424,31631
367,5032.91472078,3523.04030454,6542.78913701,31711
368,5033.04384945,3523.13069462,6542.95700429,31791
369,5031.47277273,3522.03094091,6540.91460454,31867
370,5030.56294262,3521.39405984,6539.73182541,31949
371,5030.57143887,3521.40000721,6539.74287053,32029
372,5030.33278229,3521.2329476,6539.43261698,32110
373,5030.32059783,3521.22441848,6539.41677718,32191
374,5029.58675293,3520.71072705,6538.46277881,32271
375,5029.63206303,3520.74244412,6538.52168194,32351
376,5028.9879471,3520.29156297,6537.68433122,32434
377,5030.13102372,3521.09171661,6539.17033084,32515
378,5029.5873886,3520.71117202,6538.46360518,32595
379,5028.55669994,3519.98968996,6537.12370992,32678
380,5029.12344333,3520.38641033,6537.86047632,32757
381,5028.55264728,3519.98685309,6537.11844146,32839
382,5028.81505459,3520.17053821,6537.45957097,32929
383,5030.08446477,3521.05912534,6539.1098042,33007
384,5028.80122537,3520.16085776,6537.44159298,33086
385,5029.04249852,3520.32974897,6537.75524808,33168
386,5027.80101122,3519.46070785,6536.14131459,33248
387,5027.62882111,3519.34017478,6535.91746744,33328
388,5026.37793702,3518.46455592,6534.29131813,33409
389,5026.8355383,3518.78487681,6534.88619979,33490
390,5026.21438854,3518.35007198,6534.0787051,33571
391,5025.05363919,3517.53754743,6532.56973095,33651
392,5024.37089954,3517.05962968,6531.68216941,33730
393,5024.97479678,3517.48235774,6532.46723581,33808
394,5025.36148053,3517.75303637,6532.96992468,33896
395,5023.50834151,3516.45583906,6530.56084396,33972
396,5023.64649295,3516.55254506,6530.74044083,34055
397,5023.81091546,3516.66764082,6530.95419009,34142
398,5024.91986835,3517.44390785,6532.39582886,34223
399,5024.10482061,3516.87337443,6531.33626679,34303
400,5023.38568469,3516.36997928,6530.4013901,34383
401,5021.59541349,3515.11678944,6528.07403753,34464
402,5021.42405905,3514.99684134,6527.85127677,34546
403,5020.70199993,3514.49139995,6526.91259991,34625
404,5020.71570833,3514.50099583,6526.93042083,34705
405,5019.69357447,3513.78550213,6525.60164681,34785
406,5019.78091256,3513.84663879,6525.71518633,34864
407,5019.36731142,3513.55711799,6525.17750484,34947
408,5018.80144795,3513.16101356,6524.44188233,35028
409,5017.43622757,3512.2053593,6522.66709585,35110
410,5016.72832182,3511.70982527,6521.74681836,35191
411,5017.54645377,3512.28251764,6522.81038991,35263
412,5017.01553883,3511.91087718,6522.12020048,35342
413,5017.85922786,3512.5014595,6523.21699621,35422
414,5017.82057076,3512.47439954,6523.16674199,35500
415,5017.92950308,3512.55065215,6523.308354,35584
416,5018.79361306,3513.15552914,6524.43169697,35663
417,5019.3339316,3513.53375212,6525.13411109,35743
418,5019.48848958,3513.6419427,6525.33503645,35824
419,5019.62371216,3513.73659851,6525.51082581,35910
420,5018.56959206,3512.99871444,6524.14046967,35989
421,5018.50722199,3512.9550554,6524.05938859,36069
422,5020.59542057,3514.4167944,6526.77404674,36148
423,5020.31215443,3514.2185081,6526.40580076,36227
424,5019.79814663,3513.85870264,6525.73759062,36307
425,5018.85893525,3513.20125468,6524.51661583,36387
426,5019.63508596,3513.74456017,6525.52561175,36464
427,5018.94497825,3513.26148477,6524.62847172,36545
428,5019.1454131,3513.40178917,6524.88903703,36625
429,5019.40693436,3513.58485405,6525.22901467,36706
430,5020.00960343,3514.0067224,6526.01248446,36787
431,5019.63867787,3513.74707451,6525.53028123,36867
432,5019.77674318,3513.84372023,6525.70976613,36948
433,5018.88046665,3513.21632666,6524.54460665,37026
434,5018.13514595,3512.69460217,6523.57568974,37108
435,5017.24570674,3512.07199472,6522.41941876,37189
436,5018.02688123,3512.61881686,6523.43494559,37261
437,5017.21250115,3512.0487508,6522.37625149,37345
438,5017.06358311,3511.94450818,6522.18265804,37425
439,5017.55620833,3512.28934583,6522.82307083,37510
440,5017.47743425,3512.23420397,6522.72066452,37589
441,5018.36544347,3512.85581043,6523.87507651,37670
442,5017.64288306,3512.35001814,6522.93574797,37752
443,5017.33736539,3512.13615577,6522.53857501,37833
444,5019.15523987,3513.40866791,6524.90181183,37912
445,5018.64619681,3513.05233777,6524.24005585,37989
446,5019.75814957,3513.8307047,6525.68559444,38068
447,5019.00869929,3513.3060895,6524.71130908,38150
448,5019.78184096,3513.84728867,6525.71639325,38233
449,5019.54727538,3513.68309277,6525.41145799,38320
450,5019.78907828,3513.85235479,6525.72580176,38401
451,5018.38813665,3512.87169565,6523.90457764,38479
452,5018.31342754,3512.81939928,6523.8074558,38560
453,5017.40281998,3512.18197398,6522.62366597,38638
454,5016.68683777,3511.68078644,6521.6928891,38719
455,5016.04352295,3511.23046607,6520.85657984,38803
456,5017.21203774,3512.04842642,6522.37564907,38884
457,5017.48264671,3512.23785269,6522.72744072,38966
458,5016.75472634,3511.72830844,6521.78114424,39046
459,5016.26488312,3511.38541818,6521.14434805,39128
460,5017.15770058,3512.0103904,6522.30501075,39207
461,5017.37772818,3512.16440973,6522.59104664,39288
462,5017.37685099,3512.1637957,6522.58990629,39368
463,5017.51871519,3512.26310063,6522.77432975,39449
464,5016.75986293,3511.73190405,6521.7878218,39530
465,5018.12413436,3512.68689405,6523.56137467,39611
466,5017.81095883,3512.46767118,6523.15424647,39691
467,5018.57443278,3513.00210294,6524.14676261,39771
468,5018.21621081,3512.75134757,6523.68107406,39846
469,5018.37537392,3512.86276174,6523.8879861,39925
470,5017.4912156,3512.24385092,6522.73858028,40006
471,5017.14124422,3511.99887095,6522.28361749,40087
472,5017.34292023,3512.14004416,6522.5457963,40170
473,5018.03872772,3512.6271094,6523.45034604,40249
474,5017.34369715,3512.140588,6522.54680629,40332
475,5016.42341988,3511.49639391,6521.35044584,40413
476,5016.0921518,3511.26450626,6520.91979734,40494
477,5015.63208313,3510.94245819,6520.32170808,40575
478,5015.95460644,3511.16822451,6520.74098837,40655
479,5016.07528381,3511.25269867,6520.89786896,40737
480,5016.06001225,3511.24200857,6520.87801592,40819
481,5016.77020083,3511.73914058,6521.80126108,40895
482,5017.660051,3512.3620357,6522.9580663,40981
483,5018.82672678,3513.17870875,6524.47474482,41062
484,5020.18688235,3514.13081764,6526.24294705,41141
485,5020.07983251,3514.05588276,6526.10378226,41222
486,5019.29516714,3513.506617,6525.08371729,41304
487,5020.06825601,3514.04777921,6526.08873282,41385
488,5020.57731479,3514.40412035,6526.75050923,41466
489,5019.45990547,3513.62193383,6525.29787711,41546
490,5020.96798997,3514.67759298,6527.25838696,41624
491,5021.29332535,3514.90532775,6527.68132296,41706
492,5020.78425569,3514.54897898,6527.0195324,41784
493,5020.10064768,3514.07045338,6526.13084198,41866
494,5020.61339788,3514.42937852,6526.79741724,41950
495,5020.98000054,3514.68600038,6527.2740007,42029
496,5021.36868048,3514.95807633,6527.77928462,42110
497,5020.84078385,3514.58854869,6527.093019,42196
498,5021.87632793,3515.31342955,6528.43922631,42278
499,5021.30735456,3514.91514819,6527.69956092,42358
500,5020.66972158,3514.46880511,6526.87063806,42437
501,5022.02594597,3515.41816218,6528.63372977,42517
502,5021.71489781,3515.20042846,6528.22936715,42599
503,5021.57453985,3515.1021779,6528.04690181,42679
504,5021.82121084,3515.27484759,6528.36757409,42760
505,5022.48599243,3515.7401947,6529.23179016,42839
506,5023.26116802,3516.28281762,6530.23951843,42919
507,5022.77955785,3515.9456905,6529.61342521,42999
508,5022.68334824,3515.87834376,6529.48835271,43080
509,5022.82630377,3515.97841264,6529.6741949,43162
510,5022.59956517,3515.81969562,6529.37943472,43245
511,5023.3997804,3516.37984628,6530.41971452,43324
512,5023.74242029,3516.6196942,6530.86514638,43404
513,5024.11864274,3516.88304992,6531.35423557,43485
514,5023.468084,3516.4276588,6530.5085092,43564
515,5022.74369018,3515.92058312,6529.56679723,43645
516,5023.03914462,3516.12740123,6529.950888,43725
517,5023.09428697,3516.16600088,6530.02257306,43807
518,5024.82355065,3517.37648545,6532.27061584,43890
519,5024.20321227,3516.94224859,6531.46417595,43966
520,5023.98887633,3516.79221343,6531.18553923,44048
521,5023.96979565,3516.77885695,6531.16073434,44131
522,5023.99265534,3516.79485874,6531.19045194,44211
523,5023.41758831,3516.39231182,6530.44286481,44289
524,5023.3736712,3516.36156984,6530.38577255,44371
525,5022.89506628,3516.0265464,6529.76358617,44452
526,5023.36959061,3516.35871343,6530.3804678,44534
527,5023.27900433,3516.29530303,6530.26270563,44614
528,5024.18833173,3516.93183221,6531.44483125,44696
529,5023.35342542,3516.34739779,6530.35945304,44774
530,5023.24548846,3516.27184192,6530.21913499,44851
531,5024.35870796,3517.05109557,6531.66632034,44934
532,5023.95302064,3516.76711445,6531.13892683,45013
533,5023.75316408,3516.62721486,6530.87911331,45092
534,5024.50827997,3517.15579598,6531.86076396,45175
535,5023.81251404,3516.66875983,6530.95626826,45255
536,5023.9783183,3516.78482281,6531.17181379,45337
537,5024.27929653,3516.99550757,6531.5630855,45418
538,5023.73353858,3516.61347701,6530.85360016,45495
539,5023.79450323,3516.65615226,6530.9328542,45574
540,5023.38027507,3516.36619255,6530.39435759,45655
541,5021.99069159,3515.39348411,6528.58789906,45735
542,5021.62036672,3515.1342567,6528.10647674,45819
543,5021.72320484,3515.20624339,6528.24016629,45899
544,5022.16586456,3515.51610519,6528.81562393,45979
545,5021.87823828,3515.31476679,6528.44170976,46059
546,5021.35911048,3514.95137734,6527.76684362,46136
547,5021.55307563,3515.08715294,6528.01899832,46215
548,5022.34088139,3515.63861697,6529.04314581,46295
549,5022.67779373,3515.87445561,6529.48113185,46376
550,5021.84143676,3515.28900573,6528.39386779,46459
551,5021.789896,3515.2529272,6528.3268648,46540
552,5021.24151866,3514.86906306,6527.61397425,46619
553,5021.73094853,3515.21166397,6528.25023309,46700
554,5021.84701996,3515.29291397,6528.40112595,46781
555,5023.31356646,3516.31949652,6530.3076364,46859
556,5023.9721328,3516.78049296,6531.16377264,46938
557,5023.58221625,3516.50755138,6530.65688113,47018
558,5024.51287821,3517.15901475,6531.86674167,47103
559,5025.96339395,3518.17437576,6533.75241213,47187
560,5025.28459667,3517.69921767,6532.86997567,47268
561,5025.91985905,3518.14390134,6533.69581677,47349
562,5025.3934547,3517.77541829,6533.01149111,47429
563,5025.10455268,3517.57318688,6532.63591848,47508
564,5024.53777294,3517.17644106,6531.89910482,47590
565,5024.00527174,3516.80369022,6531.20685327,47673
566,5023.51835945,3516.46285161,6530.57386728,47753
567,5023.36736473,3516.35715531,6530.37757414,47836
568,5022.62448855,3515.83714198,6529.41183511,47916
569,5022.20830497,3515.54581348,6528.87079646,47998
570,5022.16269097,3515.51388368,6528.81149827,48079
571,5022.02498187,3515.41748731,6528.63247643,48156
572,5020.91309018,3514.63916313,6527.18701723,48240
573,5021.21633528,3514.8514347,6527.58123587,48323
574,5020.92570272,3514.6479919,6527.20341353,48404
575,5019.93575062,3513.95502543,6525.91647581,48487
576,5019.751913,3513.8263391,6525.6774869,48567
577,5019.34732992,3513.54313095,6525.1515289,48648
578,5019.81927627,3513.87349339,6525.76505916,48729
579,5019.68787341,3513.78151138,6525.59423543,48808
580,5020.32114402,3514.22480081,6526.41748722,48887
581,5019.93232339,3513.95262638,6525.91202041,48971
582,5018.87529833,3513.21270883,6524.53788783,49052
583,5018.4144235,3512.89009645,6523.93875054,49132
584,5018.5978594,3513.01850158,6524.17721722,49212
585,5018.17358051,3512.72150636,6523.62565467,49294
586,5018.3967317,3512.87771219,6523.91575121,49373
587,5017.24477259,3512.07134081,6522.41820436,49453
588,5018.36174079,3512.85321855,6523.87026303,49534
589,5018.49908165,3512.94935716,6524.04880615,49615
590,5019.24585748,3513.47210024,6525.01961472,49695
591,5018.86135907,3513.20295135,6524.51976678,49776
592,5018.5509182,3512.98564274,6524.11619366,49856
593,5018.84047657,3513.1883336,6524.49261954,49938
594,5018.12885601,3512.69019921,6523.56751282,50016
595,5018.07874122,3512.65511885,6523.50236358,50096
596,5018.39481468,3512.87637028,6523.91325909,50178
597,5019.31898615,3513.52329031,6525.114682,50259
598,5019.33716723,3513.53601706,6525.1383174,50339
599,5019.47595371,3513.6331676,6525.31873983,50419
600,5019.46371811,3513.62460268,6525.30283355,50500
601,5019.97457834,3513.98220484,6525.96695185,50580
602,5019.83461265,3513.88422886,6525.78499645,50659
603,5019.47068725,3513.62948107,6525.31189342,50740
604,5019.12817848,3513.38972494,6524.86663203,50822
605,5018.6371824,3513.04602768,6524.22833712,50905
606,5018.25883727,3512.78118609,6523.73648845,50983
607,5017.5372379,3512.27606653,6522.79840928,51065
608,5017.6223257,3512.33562799,6522.90902342,51146
609,5017.40240346,3512.18168242,6522.62312449,51227
610,5017.26217269,3512.08352089,6522.4408245,51307
611,5017.16349369,3512.01444559,6522.3125418,51386
612,5016.44047048,3511.50832933,6521.37261162,51470
613,5016.57939914,3511.6055794,6521.55321888,51550
614,5015.84452758,3511.09116931,6520.59788585,51632
615,5016.71818202,3511.70272741,6521.73363662,51714
616,5017.24257469,3512.06980228,6522.41534709,51794
617,5017.05973897,3511.94181728,6522.17766066,51875
618,5017.1941179,3512.03588253,6522.35235327,51954
619,5017.50730297,3512.25511208,6522.75949386,52035
620,5017.44802481,3512.21361737,6522.68243226,52114
621,5016.48854863,3511.54198404,6521.43511322,52197
622,5017.52563552,3512.26794486,6522.78332618,52276
623,5018.64058648,3513.04841054,6524.23276243,52357
624,5017.76381458,3512.43467021,6523.09295895,52438
625,5018.87213948,3513.21049764,6524.53378133,52519
626,5019.02139688,3513.31497781,6524.72781594,52597
627,5019.58987029,3513.7129092,6525.46683138,52678
628,5019.63158678,3513.74211075,6525.52106282,52760
629,5018.85875035,3513.20112524,6524.51637545,52841
630,5018.64038918,3513.04827243,6524.23250594,52922
631,5018.06330025,3512.64431017,6523.48229032,53002
632,5018.37972785,3512.86580949,6523.8936462,53082
633,5017.39319846,3512.17523892,6522.61115799,53164
634,5017.09198332,3511.96438832,6522.21957831,53242
635,5017.49471094,3512.24629766,6522.74312422,53322
636,5017.26747995,3512.08723596,6522.44772393,53407
637,5016.8383472,3511.78684304,6521.88985137,53489
638,5016.13299565,3511.29309695,6520.97289434,53569
639,5016.07069863,3511.24948904,6520.89190822,53651
640,5015.83199099,3511.08239369,6520.58158828,53731
641,5016.10603946,3511.27422762,6520.93785129,53812
642,5016.68354272,3511.67847991,6521.68860554,53891
643,5016.7540238,3511.72781666,6521.78023094,53971
644,5016.27464438,3511.39225107,6521.1570377,54055
645,5015.99204985,3511.1944349,6520.78966481,54134
646,5016.30444849,3511.41311394,6521.19578303,54217
647,5016.560071,3511.5920497,6521.5280923,54297
648,5016.44104192,3511.50872934,6521.37335449,54378
649,5016.39151458,3511.4740602,6521.30896895,54460
650,5016.24648698,3511.37254088,6521.12043307,54539
651,5016.26380997,3511.38466698,6521.14295297,54620
652,5016.50624667,3511.55437267,6521.45812067,54703
653,5016.02971309,3511.22079917,6520.83862702,54797
654,5015.92892437,3511.15024706,6520.70760168,54881
655,5016.20841573,3511.34589101,6521.07094045,54962
656,5016.28129707,3511.39690795,6521.16568619,55051
657,5015.53626959,3510.87538871,6520.19715046,55128
658,5015.4085356,3510.78597492,6520.03109627,55207
659,5014.74055237,3510.31838666,6519.16271808,55291
660,5015.11239024,3510.57867317,6519.64610731,55372
661,5015.97682875,3511.18378013,6520.76987738,55465
662,5015.27115943,3510.6898116,6519.85250726,55546
663,5016.14815412,3511.30370788,6520.99260035,55626
664,5015.80348309,3511.06243816,6520.54452801,55708
665,5015.76379992,3511.03465995,6520.4929399,55784
666,5015.23622584,3510.66535809,6519.80709359,55864
667,5015.04182098,3510.52927469,6519.55436728,55951
668,5015.10588494,3510.57411946,6519.63765042,56030
669,5014.94772559,3510.46340792,6519.43204327,56110
670,5015.14795918,3510.60357143,6519.69234694,56192
671,5015.66486239,3510.96540367,6520.36432111,56272
672,5016.45505305,3511.51853714,6521.39156897,56352
673,5016.82194798,3511.77536358,6521.86853237,56432
674,5016.24276884,3511.36993819,6521.11559949,56515
675,5015.94698423,3511.16288896,6520.7310795,56597
676,5015.35959784,3510.75171848,6519.96747719,56675
677,5015.877675,3511.1143725,6520.6409775,56755
678,5015.9408185,3511.15857295,6520.72306405,56838
679,5015.29303259,3510.70512281,6519.88094236,56920
680,5015.83250206,3511.08275144,6520.58225268,57001
681,5015.62896806,3510.94027764,6520.31765848,57082
682,5015.16974704,3510.61882293,6519.72067116,57154
683,5014.97556255,3510.48289379,6519.46823132,57232
684,5015.59050092,3510.91335064,6520.26765119,57315
685,5015.25878638,3510.68115046,6519.83642229,57392
686,5015.81401822,3511.06981275,6520.55822368,57476
687,5016.91897145,3511.84328001,6521.99466288,57559
688,5016.27655941,3511.39359158,6521.15952723,57639
689,5016.60037596,3511.62026317,6521.58048875,57716
690,5016.87661584,3511.81363109,6521.93960059,57794
691,5016.77217832,3511.74052482,6521.80383181,57875
692,5016.30432601,3511.41302821,6521.19562382,57957
693,5015.80726768,3511.06508738,6520.54944799,58038
694,5015.32884408,3510.73019086,6519.92749731,58117
695,5014.99246892,3510.49472825,6519.4902096,58198
696,5015.15080766,3510.60556536,6519.69604996,58273
697,5014.87521312,3510.41264918,6519.33777705,58354
698,5015.10894101,3510.5762587,6519.64162331,58440
699,5014.95898837,3510.47129186,6519.44668488,58525
700,5015.93697784,3511.15588448,6520.71807119,58609
701,5015.96163883,3511.17314718,6520.75013047,58691
702,5016.20697657,3511.3448836,6521.06906954,58770
703,5016.55860288,3511.59102201,6521.52618374,58851
704,5015.63090316,3510.94163221,6520.32017411,58931
705,5015.45788906,3510.82052234,6520.09525577,59012
706,5015.57479764,3510.90235835,6520.24723693,59092
707,5015.88884063,3511.12218844,6520.65549281,59180
708,5016.55310602,3511.58717422,6521.51903783,59259
709,5017.21116363,3512.04781454,6522.37451272,59341
710,5016.32247631,3511.42573341,6521.2192192,59421
711,5016.30296145,3511.41207301,6521.19384988,59499
712,5016.91111278,3511.83777894,6521.98444661,59579
713,5017.43306305,3512.20314414,6522.66298197,59663
714,5017.63243324,3512.34270327,6522.92216321,59743
715,5018.18563612,3512.72994529,6523.64132696,59827
716,5018.31542535,3512.82079775,6523.81005296,59915
717,5018.57505447,3513.00253813,6524.14757081,59996
718,5018.89443246,3513.22610272,6524.5627622,60076
719,5018.83153516,3513.18207461,6524.48099571,60152
720,5018.34532508,3512.84172755,6523.8489226,60233
721,5019.4446214,3513.61123498,6525.27800781,60315
722,5020.07646645,3514.05352652,6526.09940639,60394
723,5020.92480287,3514.64736201,6527.20224373,60480
724,5021.13202154,3514.79241508,6527.471628,60561
725,5020.54557006,3514.38189904,6526.70924108,60641
726,5021.12707812,3514.78895469,6527.46520156,60722
727,5020.80707425,3514.56495198,6527.04919653,60799
728,5020.86721931,3514.60705352,6527.1273851,60874
729,5020.97188696,3514.68032087,6527.26345305,60956
730,5020.77855,3514.544985,6527.012115,61037
731,5021.64051798,3515.14836259,6528.13267338,61121
732,5021.80660635,3515.26462445,6528.34858826,61202
733,5021.33675161,3514.93572613,6527.73777709,61284
734,5021.14533615,3514.8017353,6527.48893699,61366
735,5020.55835498,3514.39084849,6526.72586147,61447
736,5020.28501977,3514.19951384,6526.3705257,61521
737,5020.63618413,3514.44532889,6526.82703937,61602
738,5020.78158695,3514.54711086,6527.01606303,61684
739,5020.40808657,3514.2856606,6526.53051255,61765
740,5020.49734782,3514.34814347,6526.64655216,61848
741,5020.62243924,3514.43570746,6526.80917101,61928
742,5020.95805743,3514.6706402,6527.24547467,62008
743,5021.60897378,3515.12628165,6528.09166592,62087
744,5022.39923913,3515.67946739,6529.11901087,62165
745,5021.99819,3515.398733,6528.597647,62247
746,5022.08944806,3515.46261364,6528.71628248,62328
747,5022.40487212,3515.68341048,6529.12633376,62411
748,5022.80844608,3515.96591226,6529.6509799,62492
749,5022.7720005,3515.94040035,6529.60360065,62573
750,5023.25485973,3516.27840181,6530.23131764,62652
751,5022.96540506,3516.07578354,6529.85502658,62733
752,5023.03177928,3516.1222455,6529.94131307,62809
753,5022.62711654,3515.83898158,6529.4152515,62890
754,5022.26722856,3515.58705999,6528.94739712,62978
755,5022.67026224,3515.86918357,6529.47134091,63057
756,5023.17815138,3516.22470597,6530.13159679,63136
757,5022.50120809,3515.75084566,6529.25157052,63217
758,5022.78642384,3515.95049669,6529.62235099,63297
759,5023.41038856,3516.38727199,6530.43350513,63377
760,5023.29880898,3516.30916629,6530.28845167,63455
761,5023.1894879,3516.23264153,6530.14633427,63539
762,5024.04327563,3516.83029294,6531.25625832,63617
763,5024.46063936,3517.12244755,6531.79883117,63697
764,5025.28840038,3517.70188026,6532.87492049,63777
765,5024.98581177,3517.49006824,6532.4815553,63858
766,5024.94541272,3517.4617889,6532.42903653,63938
767,5024.67507963,3517.27255574,6532.07760352,64018
768,5024.54550986,3517.1818569,6531.90916281,64094
769,5024.53724762,3517.17607333,6531.8984219,64173
770,5024.8811464,3517.41680248,6532.34549033,64252
771,5024.44454641,3517.11118249,6531.77791034,64333
772,5023.20357625,3516.24250337,6530.16464912,64413
773,5023.36284347,3516.35399043,6530.37169652,64492
774,5023.01212571,3516.108488,6529.91576342,64575
775,5022.23100377,3515.56170264,6528.9003049,64656
776,5023.02940164,3516.12058115,6529.93822214,64737
777,5022.95384959,3516.06769471,6529.84000447,64817
778,5022.5990974,3515.81936818,6529.37882662,64901
779,5022.39740536,3515.67818375,6529.11662696,64981
780,5022.79207887,3515.95445521,6529.62970253,65063
781,5023.43253961,3516.40277773,6530.4623015,65145
782,5022.42269872,3515.6958891,6529.14950833,65224
783,5022.06673373,3515.44671361,6528.68675385,65311
784,5022.1527773,3515.50694411,6528.7986105,65394
785,5021.77707862,3515.24395503,6528.31020221,65473
786,5021.8917046,3515.32419322,6528.45921598,65555
787,5021.68389001,3515.17872301,6528.18905701,65635
788,5022.29385356,3515.60569749,6528.98200962,65715
789,5021.65010744,3515.15507521,6528.14513968,65795
790,5021.56903136,3515.09832195,6528.03974077,65873
791,5021.91088758,3515.33762131,6528.48415385,65958
792,5022.20018204,3515.54012743,6528.86023666,66040
793,5022.51394758,3515.7597633,6529.26813185,66122
794,5022.937252,3516.0560764,6529.8184276,66203
795,5022.70123088,3515.89086161,6529.51160014,66282
796,5022.75779023,3515.93045316,6529.58512729,66362
797,5023.21574178,3516.25101925,6530.18046431,66444
798,5023.36656852,3516.35659797,6530.37653908,66524
799,5023.57048337,3516.49933836,6530.64162838,66611
800,5024.04662417,3516.83263692,6531.26061142,66691
801,5023.39444343,3516.3761104,6530.41277645,66771
802,5023.09734337,3516.16814036,6530.02654637,66851
803,5022.92473941,3516.04731758,6529.80216123,66932
804,5023.10437353,3516.17306147,6530.03568558,67012
805,5023.39342631,3516.37539842,6530.4114542,67092
806,5023.53660395,3516.47562276,6530.59758513,67174
807,5023.24879655,3516.27415758,6530.22343551,67259
808,5022.36300102,3515.65410072,6529.07190133,67343
809,5022.2179337,3515.55255359,6528.88331381,67424
810,5022.25466412,3515.57826488,6528.93106335,67506
811,5022.21069612,3515.54748728,6528.87390496,67587
812,5022.22434485,3515.5570414,6528.89164831,67656
813,5022.10922645,3515.47645851,6528.74199438,67736
814,5022.64200669,3515.84940468,6529.4346087,67818
815,5021.71777694,3515.20244386,6528.23311002,67903
816,5021.6963976,3515.18747832,6528.20531689,67981
817,5021.91714188,3515.34199931,6528.49228444,68061
818,5022.44611267,3515.71227887,6529.17994647,68142
819,5022.51458004,3515.76020603,6529.26895405,68223
820,5022.35301013,3515.64710709,6529.05891316,68300
821,5021.86824604,3515.30777223,6528.42871986,68380
822,5021.5450825,3515.08155775,6528.00860725,68461
823,5021.52779355,3515.06945548,6527.98613161,68542
824,5020.7215436,3514.50508052,6526.93800667,68622
825,5020.76516561,3514.53561593,6526.9947153,68704
826,5021.22000453,3514.85400317,6527.58600588,68784
827,5021.25688044,3514.87981631,6527.63394457,68866
828,5022.44337858,3515.71036501,6529.17639216,68946
829,5022.80439929,3515.9630795,6529.64571907,69025
830,5023.23550888,3516.26485621,6530.20616154,69106
831,5023.25610834,3516.27927583,6530.23294084,69187
832,5022.83889549,3515.98722684,6529.69056413,69266
833,5022.46015288,3515.72210702,6529.19819875,69345
834,5022.63141046,3515.84198732,6529.4208336,69425
835,5021.97163914,3515.3801474,6528.56313089,69505
836,5022.03722096,3515.42605467,6528.64838725,69582
837,5022.16071514,3515.5125006,6528.80892968,69662
838,5022.52505735,3515.76754014,6529.28257455,69743
839,5022.51399341,3515.75979539,6529.26819144,69823
840,5022.12575088,3515.48802562,6528.76347615,69903
841,5022.37580356,3515.66306249,6529.08854463,69984
842,5022.02111738,3515.41478217,6528.6274526,70063
843,5021.70218999,3515.19153299,6528.21284699,70142
844,5021.20360295,3514.84252206,6527.56468383,70217
845,5020.93635172,3514.6554462,6527.21725723,70291
846,5020.86772595,3514.60740817,6527.12804374,70386
847,5021.17055681,3514.81938977,6527.52172385,70466
848,5020.82836949,3514.57985864,6527.07688033,70547
849,5020.89629094,3514.62740366,6527.16517822,70628
850,5021.18320874,3514.82824612,6527.53817137,70709
851,5021.29921099,3514.90944769,6527.68897429,70789
852,5021.37447122,3514.96212985,6527.78681258,70868
853,5021.28988592,3514.90292014,6527.67685169,70948
854,5021.65318244,3515.15722771,6528.14913718,71029
855,5021.17011444,3514.81908011,6527.52114877,71109
856,5021.37876992,3514.96513895,6527.7924009,71187
857,5020.9880843,3514.69165901,6527.28450959,71261
858,5020.25770116,3514.18039081,6526.33501151,71340
859,5019.86724371,3513.9070706,6525.82741682,71423
860,5019.85265266,3513.89685686,6525.80844845,71501
861,5019.80868514,3513.8660796,6525.75129068,71582
862,5019.69253283,3513.78477298,6525.60029268,71665
863,5020.37017216,3514.25912051,6526.4812238,71745
864,5019.90858388,3513.93600871,6525.88115904,71824
865,5019.64742828,3513.7531998,6525.54165676,71905
866,5019.07935138,3513.35554596,6524.80315679,71984
867,5018.70397684,3513.09278379,6524.3151699,72062
868,5019.15178544,3513.40624981,6524.89732107,72143
869,5018.62951414,3513.0406599,6524.21836838,72224
870,5018.38193507,3512.86735455,6523.89651559,72307
871,5017.97567853,3512.58297497,6523.36838209,72386
872,5018.09669963,3512.66768974,6523.52570952,72468
873,5017.62340025,3512.33638018,6522.91042033,72548
874,5018.05571507,3512.63900055,6523.47242959,72628
875,5018.37448704,3512.86214093,6523.88683315,72709
876,5018.43033249,3512.90123274,6523.95943224,72778
877,5018.18342187,3512.72839531,6523.63844843,72857
878,5017.70531805,3512.39372263,6523.01691346,72941
879,5017.96469302,3512.57528511,6523.35410092,73021
880,5017.58332069,3512.30832449,6522.8583169,73100
881,5017.57111256,3512.29977879,6522.84244633,73179
882,5017.57197772,3512.30038441,6522.84357104,73260
883,5017.51185923,3512.25830146,6522.765417,73337
884,5017.26525836,3512.08568085,6522.44483587,73417
885,5017.44709733,3512.21296813,6522.68122653,73497
886,5016.44971074,3511.51479752,6521.38462396,73579
887,5016.65869588,3511.66108712,6521.65630465,73660
888,5016.40301536,3511.48211075,6521.32391997,73740
889,5016.3328929,3511.43302503,6521.23276077,73819
890,5016.45256164,3511.51679315,6521.38833013,73900
891,5016.37386706,3511.46170694,6521.28602718,73976
892,5016.0102505,3511.20717535,6520.81332565,74054
893,5015.96109176,3511.17276423,6520.74941929,74138
894,5015.61077102,3510.92753972,6520.29400233,74219
895,5015.73202488,3511.01241741,6520.45163234,74297
896,5015.80737717,3511.06516402,6520.54959032,74378
897,5016.03041621,3511.22129135,6520.83954108,74458
898,5016.23567097,3511.36496968,6521.10637226,74538
899,5015.69284792,3510.98499354,6520.40070229,74617
900,5015.71918844,3511.00343191,6520.43494498,74696
901,5015.34928371,3510.7444986,6519.95406883,74776
902,5015.50504617,3510.85353232,6520.15656002,74854
903,5015.65073687,3510.95551581,6520.34595793,74934
904,5015.89535777,3511.12675044,6520.66396509,75014
905,5016.15700358,3511.30990251,6521.00410466,75094
906,5016.1097737,3511.27684159,6520.94270582,75174
907,5016.51785846,3511.56250092,6521.47321599,75251
908,5015.76685385,3511.03679769,6520.49691,75335
909,5016.19895449,3511.33926815,6521.05864084,75416
910,5015.83216968,3511.08251877,6520.58182058,75495
911,5015.57260699,3510.9008249,6520.24438909,75575
912,5015.24740216,3510.67318151,6519.82162281,75654
913,5016.14542185,3511.3017953,6520.98904841,75736
914,5016.33446755,3511.43412729,6521.23480782,75814
915,5016.208385,3511.3458695,6521.0709005,75897
916,5015.696121,3510.9872847,6520.4049573,75975
917,5015.83291364,3511.08303955,6520.58278773,76055
918,5016.05578981,3511.23905287,6520.87252675,76132
919,5015.86235494,3511.10364846,6520.62106142,76212
920,5015.94317094,3511.16021966,6520.72612222,76291
921,5016.06449182,3511.24514427,6520.88383936,76371
922,5016.39162661,3511.47413863,6521.3091146,76451
923,5016.15036659,3511.30525661,6520.99547657,76533
924,5016.22693786,3511.3588565,6521.09501921,76612
925,5016.07152855,3511.25006998,6520.89298711,76691
926,5016.15041225,3511.30528857,6520.99553592,76773
927,5015.63054528,3510.94138169,6520.31970886,76852
928,5015.5658171,3510.89607197,6520.23556224,76927
929,5015.9725004,3511.18075028,6520.76425051,77010
930,5015.83426144,3511.08398301,6520.58453987,77092
931,5016.6179553,3511.63256871,6521.60334189,77173
932,5016.53116318,3511.57181422,6521.49051213,77254
933,5016.42224003,3511.49556802,6521.34891203,77334
934,5016.81247856,3511.76873499,6521.85622213,77415
935,5016.96097129,3511.8726799,6522.04926268,77496
936,5017.02254513,3511.91578159,6522.12930867,77576
937,5016.80015954,3511.76011168,6521.8402074,77650
938,5016.89235301,3511.82464711,6521.96005891,77735
939,5017.08402155,3511.95881508,6522.20922801,77815
940,5017.10687814,3511.9748147,6522.23894158,77895
941,5016.78498177,3511.74948724,6521.82047631,77977
942,5016.89432668,3511.82602868,6521.96262469,78058
943,5016.0338141,3511.22366987,6520.84395833,78139
944,5015.93703871,3511.1559271,6520.71815033,78218
945,5016.181311,3511.3269177,6521.0357043,78296
946,5016.13817089,3511.29671962,6520.97962216,78378
947,5016.44874632,3511.51412242,6521.38337021,78460
948,5016.06962239,3511.24873567,6520.89050911,78540
949,5015.96870649,3511.17809454,6520.75931843,78622
950,5016.46598573,3511.52619001,6521.40578144,78700
951,5016.62874907,3511.64012435,6521.61737379,78783
952,5017.07654993,3511.95358495,6522.1995149,78859
953,5017.32479937,3512.12735956,6522.52223918,78942
954,5016.87693771,3511.8138564,6521.94001903,79022
955,5016.65368758,3511.65758131,6521.64979385,79103
956,5016.35912937,3511.45139056,6521.26686818,79181
957,5016.24886682,3511.37420678,6521.12352687,79261
958,5016.58933348,3511.61253344,6521.56613353,79342
959,5016.96800323,3511.87760226,6522.0584042,79421
960,5016.69584017,3511.68708812,6521.70459222,79500
961,5016.9664588,3511.87652116,6522.05639644,79585
962,5016.84290194,3511.79003136,6521.89577252,79664
963,5017.05628474,3511.93939932,6522.17317016,79743
964,5017.45097333,3512.21568133,6522.68626533,79823
965,5017.88484253,3512.51938977,6523.25029529,79902
966,5018.52813087,3512.96969161,6524.08657013,79984
967,5019.13634042,3513.3954383,6524.87724255,80062
968,5019.09159474,3513.36411632,6524.81907316,80140
969,5018.97698379,3513.28388865,6524.67007892,80222
970,5018.39585283,3512.87709698,6523.91460867,80301
971,5018.29129497,3512.80390648,6523.77868345,80380
972,5018.72949221,3513.11064455,6524.34833988,80460
973,5018.23028491,3512.76119943,6523.69937038,80539
974,5018.19039136,3512.73327395,6523.64750877,80622
975,5018.25598554,3512.77918988,6523.73278121,80700
976,5017.97920028,3512.5854402,6523.37296037,80780
977,5016.93455007,3511.85418505,6522.0149151,80862
978,5016.93405754,3511.85384028,6522.0142748,80941
979,5016.43724012,3511.50606808,6521.36841216,81022
980,5016.41086264,3511.48760385,6521.33412143,81103
981,5016.23723487,3511.36606441,6521.10840533,81183
982,5016.06852778,3511.24796945,6520.88908612,81263
983,5016.26955506,3511.38868854,6521.15042158,81341
984,5016.08884247,3511.26218973,6520.91549521,81422
985,5015.81082912,3511.06758039,6520.55407786,81504
986,5015.56219882,3510.89353917,6520.23085847,81584
987,5015.7334316,3511.01340212,6520.45346108,81663
988,5016.34826953,3511.44378867,6521.25275038,81744
989,5016.3103197,3511.41722379,6521.20341561,81825
990,5016.13089139,3511.29162398,6520.97015881,81901
991,5015.42466768,3510.79726738,6520.05206799,81981
992,5015.81235369,3511.06864758,6520.55605979,82062
993,5015.72859236,3511.01001465,6520.44717006,82146
994,5015.20257533,3510.64180273,6519.76334792,82225
995,5015.14989739,3510.60492817,6519.6948666,82304
996,5015.32230054,3510.72561038,6519.9189907,82386
997,5015.06176624,3510.54323637,6519.58029611,82468
998,5015.4195865,3510.79371055,6520.04546245,82545
999,5015.57475518,3510.90232863,6520.24718173,82625
1000,5015.51095748,3510.85767023,6520.16424472,82706
1001,5015.48896681,3510.84227677,6520.13565686,82789
1002,5015.43725025,3510.80607518,6520.06842533,82868
1003,5015.55171588,3510.88620112,6520.21723064,82948
1004,5015.36190945,3510.75333661,6519.97048228,83028
1005,5015.028074,3510.5196518,6519.5364962,83108
1006,5015.41562301,3510.79093611,6520.04030991,83187
1007,5015.35558177,3510.74890724,6519.9622563,83267
1008,5015.97383682,3511.18168578,6520.76598787,83349
1009,5016.01007923,3511.20705546,6520.813103,83429
1010,5015.5026957,3510.85188699,6520.15350441,83507
1011,5015.24324431,3510.67027102,6519.81621761,83588
1012,5014.76103184,3510.33272229,6519.18934139,83668
1013,5014.41974414,3510.0938209,6518.74566738,83749
1014,5014.29939718,3510.00957802,6518.58921633,83827
1015,5014.75275802,3510.32693061,6519.17858542,83908
1016,5014.84227465,3510.38959225,6519.29495704,83989
1017,5014.94304537,3510.46013176,6519.42595898,84071
1018,5014.87732708,3510.41412895,6519.3405252,84149
1019,5014.93093738,3510.45165617,6519.4102186,84230
1020,5014.20058619,3509.94041033,6518.46076204,84309
1021,5013.89728239,3509.72809767,6518.06646711,84389
1022,5013.98930474,3509.79251332,6518.18609617,84466
1023,5013.53917105,3509.47741973,6517.60092236,84554
1024,5013.5900477,3509.51303339,6517.66706201,84633
1025,5012.93118579,3509.05183005,6516.81054153,84712
1026,5013.40240127,3509.38168089,6517.42312165,84792
1027,5013.76052293,3509.63236605,6517.88867981,84876
1028,5013.81598421,3509.67118895,6517.96077948,84957
1029,5013.38420534,3509.36894374,6517.39946694,85036
1030,5013.53495905,3509.47447134,6517.59544677,85114
1031,5013.63305329,3509.54313731,6517.72296928,85199
1032,5013.16954194,3509.21867936,6517.12040452,85278
1033,5013.59534115,3509.5167388,6517.67394349,85359
1034,5013.32412618,3509.32688833,6517.32136404,85438
1035,5013.38855721,3509.37199005,6517.40512437,85518
1036,5013.53808002,3509.47665602,6517.59950403,85598
1037,5013.00090089,3509.10063062,6516.90117116,85675
1038,5012.90164061,3509.03114843,6516.77213279,85755
1039,5013.21616935,3509.25131854,6517.18102015,85839
1040,5013.30409619,3509.31286734,6517.29532505,85919
1041,5013.72875989,3509.61013192,6517.84738785,86000
1042,5014.20409601,3509.94286721,6518.46532481,86080
1043,5014.20645929,3509.9445215,6518.46839708,86160
1044,5014.50885895,3510.15620126,6518.86151663,86238
1045,5014.79170126,3510.35419088,6519.22921163,86318
1046,5014.44842809,3510.11389966,6518.78295652,86399
1047,5013.71312029,3509.5991842,6517.82705638,86482
1048,5013.64750528,3509.5532537,6517.74175687,86562
1049,5014.10401903,3509.87281332,6518.33522474,86643
1050,5013.92298795,3509.74609157,6518.09988434,86724
1051,5014.55125649,3510.18587954,6518.91663344,86804
1052,5014.87107046,3510.40974932,6519.3323916,86876
1053,5014.88178857,3510.417252,6519.34632514,86957
1054,5014.86560474,3510.40592332,6519.32528616,87036
1055,5015.02640068,3510.51848047,6519.53432088,87124
1056,5015.07065945,3510.54946162,6519.59185729,87205
1057,5014.85357508,3510.39750256,6519.30964761,87288
1058,5014.67981482,3510.27587038,6519.08375927,87367
1059,5014.43294981,3510.10306486,6518.76283475,87446
1060,5014.44481656,3510.11137159,6518.77826153,87525
1061,5014.9553339,3510.46873373,6519.44193406,87603
1062,5014.74125364,3510.31887755,6519.16362974,87684
1063,5015.00625228,3510.50437659,6519.50812796,87765
1064,5014.97419913,3510.48193939,6519.46645887,87845
1065,5015.03567624,3510.52497337,6519.54637912,87924
1066,5014.53835946,3510.17685162,6518.89986729,88004
1067,5014.43196458,3510.1023752,6518.76155395,88085
1068,5014.50887212,3510.15621048,6518.86153375,88162
1069,5014.43215441,3510.10250808,6518.76180073,88241
1070,5014.27333616,3509.99133531,6518.55533701,88322
1071,5013.77277542,3509.64094279,6517.90460804,88404
1072,5013.77136917,3509.63995842,6517.90277992,88485
1073,5013.52980684,3509.47086479,6517.5887489,88564
1074,5014.25673493,3509.97971445,6518.53375541,88646
1075,5014.33902745,3510.03731921,6518.64073568,88724
1076,5013.85679557,3509.6997569,6518.01383425,88802
1077,5014.56748987,3510.19724291,6518.93773683,88881
1078,5014.9507527,3510.46552689,6519.43597851,88962
1079,5014.64318314,3510.2502282,6519.03613808,89044
1080,5014.20219707,3509.94153795,6518.46285619,89123
1081,5013.94427229,3509.76099061,6518.12755398,89202
1082,5013.8941117,3509.72587819,6518.06234521,89282
1083,5013.93003167,3509.75102217,6518.10904117,89363
1084,5014.29985473,3510.00989831,6518.58981114,89436
1085,5014.7824996,3510.34774972,6519.21724948,89517
1086,5015.09692047,3510.56784433,6519.62599661,89604
1087,5014.95235172,3510.4666462,6519.43805724,89684
1088,5014.32224076,3510.02556853,6518.61891298,89763
1089,5014.99889707,3510.49922795,6519.49856619,89842
1090,5014.90195406,3510.43136784,6519.37254028,89922
1091,5014.93410478,3510.45387335,6519.41433622,90003
1092,5014.90868428,3510.436079,6519.38128957,90081
1093,5014.33787133,3510.03650993,6518.63923273,90162
1094,5013.94724066,3509.76306846,6518.13141285,90242
1095,5014.15786523,3509.91050566,6518.4052248,90324
1096,5014.17552298,3509.92286608,6518.42817987,90403
1097,5014.2817484,3509.99722388,6518.56627292,90485
1098,5013.97655452,3509.78358817,6518.16952088,90564
1099,5013.57231849,3509.50062294,6517.64401404,90645
1100,5013.82897387,3509.68028171,6517.97766603,90723
1101,5013.94674004,3509.76271803,6518.13076205,90804
1102,5014.28850998,3510.00195699,6518.57506297,90883
1103,5013.75409856,3509.62786899,6517.88032813,90965
1104,5013.65413534,3509.55789474,6517.75037594,91045
1105,5013.72220142,3509.605541,6517.83886185,91126
1106,5014.25974951,3509.98182465,6518.53767436,91206
1107,5014.45935552,3510.12154887,6518.79716218,91285
1108,5014.8272228,3510.37905596,6519.27538964,91361
1109,5014.68516624,3510.27961637,6519.09071612,91443
1110,5015.13095124,3510.59166587,6519.67023661,91524
1111,5014.47229463,3510.13060624,6518.81398302,91605
1112,5014.61202986,3510.2284209,6518.99563882,91686
1113,5014.60046043,3510.2203223,6518.98059855,91765
1114,5014.94820068,3510.46374048,6519.43266088,91845
1115,5014.39790068,3510.07853048,6518.71727089,91919
1116,5014.46211704,3510.12348193,6518.80075216,91996
1117,5014.70732727,3510.29512909,6519.11952545,92080
1118,5014.65734817,3510.26014372,6519.05455262,92163
1119,5014.18457741,3509.92920418,6518.43995063,92245
1120,5014.33779758,3510.03645831,6518.63913686,92327
1121,5014.01316651,3509.80921656,6518.21711646,92406
1122,5014.33582711,3510.03507898,6518.63657524,92486
1123,5013.9788832,3509.78521824,6518.17254816,92566
1124,5014.2052929,3509.94370503,6518.46688077,92646
1125,5013.82245762,3509.67572034,6517.96919491,92726
1126,5013.77901299,3509.64530909,6517.91271689,92808
1127,5013.40885247,3509.38619673,6517.43150821,92890
1128,5013.53797648,3509.47658354,6517.59936942,92971
1129,5012.9023534,3509.03164738,6516.77305942,93052
1130,5013.18525911,3509.22968137,6517.14083684,93130
1131,5013.09770976,3509.16839683,6517.02702269,93211
1132,5012.35614081,3508.64929856,6516.06298305,93291
1133,5012.56863877,3508.79804714,6516.3392304,93370
1134,5012.64146347,3508.84902443,6516.43390251,93451
1135,5012.86856122,3509.00799285,6516.72912958,93535
1136,5012.65326692,3508.85728685,6516.449247,93616
1137,5012.39464326,3508.67625028,6516.11303623,93696
1138,5012.57080538,3508.79956377,6516.342047,93776
1139,5012.49541306,3508.74678914,6516.24403698,93855
1140,5012.60645471,3508.8245183,6516.38839112,93933
1141,5012.23848844,3508.56694191,6515.91003497,94012
1142,5012.51361363,3508.75952954,6516.26769772,94090
1143,5012.26575288,3508.58602702,6515.94547875,94174
1144,5012.55283111,3508.78698178,6516.31868045,94253
1145,5013.0055011,3509.10385077,6516.90715143,94334
1146,5012.81650286,3508.97155201,6516.66145372,94412
1147,5012.58664821,3508.81065374,6516.36264267,94493
1148,5012.77941553,3508.94559087,6516.61324018,94572
1149,5012.15313411,3508.50719388,6515.79907434,94652
1150,5012.51775436,3508.76242805,6516.27308067,94731
1151,5012.65293156,3508.85705209,6516.44881103,94812
1152,5012.47130644,3508.72991451,6516.21269838,94892
1153,5012.08689714,3508.460828,6515.71296629,94971
1154,5011.92661548,3508.34863083,6515.50460012,95052
1155,5011.81683632,3508.27178542,6515.36188721,95131
1156,5012.19094729,3508.5336631,6515.84823148,95209
1157,5012.40230216,3508.68161152,6516.12299281,95289
1158,5012.42786024,3508.69950217,6516.15621831,95370
1159,5013.12958976,3509.19071283,6517.06846668,95451
1160,5013.15861767,3509.21103237,6517.10620298,95531
1161,5012.70549764,3508.89384835,6516.51714693,95609
1162,5013.06467913,3509.14527539,6516.98408287,95690
1163,5013.1438423,3509.20068961,6517.08699499,95770
1164,5013.59685186,3509.5177963,6517.67590741,95847
1165,5013.96223411,3509.77356388,6518.15090434,95925
1166,5013.82613075,3509.67829152,6517.97396997,96009
1167,5013.33861248,3509.33702874,6517.34019622,96088
1168,5013.64669927,3509.55268949,6517.74070905,96168
1169,5013.78458008,3509.64920606,6517.91995411,96249
1170,5013.93915096,3509.75740568,6518.12089625,96327
1171,5013.96233661,3509.77363563,6518.1510376,96407
1172,5013.71987794,3509.60391456,6517.83584132,96486
1173,5013.77012776,3509.63908943,6517.90116608,96569
1174,5014.35614258,3510.04929981,6518.66298536,96649
1175,5014.17174138,3509.92021896,6518.42326379,96730
1176,5014.44562331,3510.11193632,6518.77931031,96810
1177,5014.18948765,3509.93264135,6518.44633394,96889
1178,5014.16776927,3509.91743849,6518.41810005,96969
1179,5014.30973051,3510.01681135,6518.60264966,97049
1180,5014.76229842,3510.33360889,6519.19098794,97127
1181,5014.66862521,3510.26803765,6519.06921278,97208
1182,5014.43864026,3510.10704818,6518.77023234,97288
1183,5014.26220798,3509.98354559,6518.54087038,97368
1184,5014.02349931,3509.81644952,6518.23054911,97447
1185,5014.20248646,3509.94174052,6518.4632324,97529
1186,5014.70823394,3510.29576376,6519.12070413,97608
1187,5014.9353914,3510.45477398,6519.41600881,97689
1188,5014.43668142,3510.10567699,6518.76768584,97769
1189,5014.66920686,3510.2684448,6519.06996891,97852
1190,5014.84466673,3510.39126671,6519.29806674,97930
1191,5014.59396533,3510.21577573,6518.97215493,98009
1192,5014.31719768,3510.02203838,6518.61235698,98088
1193,5014.08361204,3509.85852843,6518.30869565,98168
1194,5014.18915687,3509.93240981,6518.44590393,98248
1195,5013.90025795,3509.73018057,6518.07033534,98326
1196,5013.76895097,3509.63826568,6517.89963627,98408
1197,5013.33450017,3509.33415012,6517.33485022,98488
1198,5013.01843477,3509.11290434,6516.9239652,98569
1199,5013.0316524,3509.12215668,6516.94114812,98649
1200,5013.28920446,3509.30244312,6517.27596579,98730
1201,5013.51202764,3509.45841935,6517.56563594,98811
1202,5013.65516897,3509.55861828,6517.75171966,98886
1203,5013.56299986,3509.4940999,6517.63189981,98967
1204,5013.51977257,3509.4638408,6517.57570434,99051
1205,5013.45030509,3509.41521356,6517.48539662,99131
1206,5014.26013543,3509.9820948,6518.53817606,99211
1207,5013.68560878,3509.57992615,6517.79129142,99291
1208,5014.01128957,3509.8079027,6518.21467645,99370
1209,5014.16740433,3509.91718303,6518.41762563,99450
1210,5013.74837884,3509.62386519,6517.8728925,99530
1211,5013.51004397,3509.45703078,6517.56305716,99614
1212,5013.69325964,3509.58528175,6517.80123753,99693
1213,5013.2213617,3509.25495319,6517.18777021,99779
1214,5012.76319029,3508.9342332,6516.59214738,99857
1215,5012.72201294,3508.90540906,6516.53861682,99939
1216,5012.9165112,3509.04155784,6516.79146457,100018
1217,5013.0698238,3509.14887666,6516.99077093,100097
1218,5013.11308559,3509.17915991,6517.04701126,100190
1219,5012.92932754,3509.05052928,6516.8081258,100276
1220,5012.56236738,3508.79365717,6516.33107759,100360
1221,5012.70716167,3508.89501317,6516.51931017,100447
1222,5012.58153883,3508.80707718,6516.35600048,100526
1223,5012.86668994,3509.00668296,6516.72669693,100605
1224,5012.74201426,3508.91940998,6516.56461854,100688
1225,5012.71176785,3508.89823749,6516.5252982,100794
1226,5012.91477644,3509.04034351,6516.78920937,100874
1227,5013.17230916,3509.22061642,6517.12400191,100954
1228,5013.92464086,3509.7472486,6518.10203312,101034
1229,5014.03527649,3509.82469354,6518.24585944,101115
1230,5013.54030333,3509.47821233,6517.60239433,101196
1231,5013.70019837,3509.59013886,6517.81025788,101276
1232,5014.20320386,3509.94224271,6518.46416502,101357
1233,5014.09366782,3509.86556747,6518.32176816,101444
1234,5014.10599507,3509.87419655,6518.33779359,101524
1235,5014.43251829,3510.1027628,6518.76227377,101605
1236,5014.33636344,3510.03545441,6518.63727247,101687
1237,5014.68827736,3510.28179416,6519.09476057,101767
1238,5014.28243296,3509.99770307,6518.56716284,101848
1239,5014.53485692,3510.17439984,6518.895314,101926
1240,5013.92656522,3509.74859566,6518.10453479,102007
1241,5013.24207267,3509.26945087,6517.21469447,102091
1242,5013.43915725,3509.40741007,6517.47090442,102166
1243,5013.2612747,3509.28289229,6517.23965712,102246
1244,5013.27924613,3509.29547229,6517.26301997,102324
1245,5013.38652319,3509.37056623,6517.40248014,102405
1246,5013.52275745,3509.46593022,6517.57958469,102485
1247,5013.55921285,3509.49144899,6517.6269767,102564
1248,5013.14269829,3509.1998888,6517.08550777,102636
1249,5013.05401652,3509.13781156,6516.97022147,102722
1250,5012.92194372,3509.0453606,6516.79852684,102799
1251,5012.70121919,3508.89085343,6516.51158494,102882
1252,5012.82383348,3508.97668344,6516.67098352,102964
1253,5012.45190147,3508.71633103,6516.18747191,103044
1254,5012.49995744,3508.74997021,6516.24994467,103120
1255,5012.73629201,3508.91540441,6516.55717962,103185
1256,5012.89909271,3509.02936489,6516.76882052,103267
1257,5012.64577871,3508.8520451,6516.43951232,103348
1258,5012.78408078,3508.94885655,6516.61930502,103430
1259,5012.52601456,3508.76821019,6516.28381893,103515
1260,5012.63317307,3508.84322115,6516.42312499,103594
1261,5012.8670067,3509.00690469,6516.72710871,103675
1262,5012.55888386,3508.7912187,6516.32654902,103755
1263,5012.40446482,3508.68312538,6516.12580427,103831
1264,5012.62502375,3508.83751663,6516.41253088,103909
1265,5012.33985928,3508.6379015,6516.04181707,103985
1266,5012.50179181,3508.75125427,6516.25232936,104068
1267,5012.24754874,3508.57328411,6515.92181336,104149
1268,5011.72142361,3508.20499653,6515.23785069,104230
1269,5011.76788888,3508.23752221,6515.29825554,104310
1270,5011.75565269,3508.22895688,6515.28234849,104389
1271,5011.50706029,3508.05494221,6514.95917838,104480
1272,5011.4605669,3508.02239683,6514.89873697,104567
1273,5011.43228058,3508.00259641,6514.86196476,104652
1274,5010.94754703,3507.66328292,6514.23181114,104748
1275,5010.52624253,3507.36836977,6513.68411529,104826
1276,5010.6771171,3507.47398197,6513.88025223,104921
1277,5010.43030898,3507.30121629,6513.55940168,104996
1278,5010.23547653,3507.16483357,6513.30611949,105079
1279,5010.7050735,3507.49355145,6513.91659555,105159
1280,5011.07389029,3507.7517232,6514.39605738,105240
1281,5011.25802856,3507.88061999,6514.63543713,105316
1282,5011.45279779,3508.01695845,6514.88863712,105398
1283,5011.28586286,3507.900104,6514.67162172,105476
1284,5011.05658554,3507.73960988,6514.3735612,105555
1285,5011.0035929,3507.70251503,6514.30467077,105636
1286,5011.26260687,3507.88382481,6514.64138894,105713
1287,5011.30183202,3507.91128241,6514.69238162,105794
1288,5011.54618445,3508.08232911,6515.01003978,105874
1289,5011.53136096,3508.07195267,6514.99076925,105955
1290,5011.46495511,3508.02546858,6514.90444164,106035
1291,5011.65418445,3508.15792912,6515.15043979,106114
1292,5011.69575321,3508.18702724,6515.20447917,106191
1293,5011.80978524,3508.26684967,6515.35272082,106272
1294,5011.96889952,3508.37822967,6515.55956938,106355
1295,5011.97387971,3508.3817158,6515.56604363,106435
1296,5012.02446307,3508.41712415,6515.63180199,106513
1297,5012.20175718,3508.54123003,6515.86228434,106594
1298,5012.17155311,3508.52008717,6515.82301904,106673
1299,5012.16282319,3508.51397623,6515.81167014,106752
1300,5012.37743518,3508.66420463,6516.09066574,106827
1301,5013.10325022,3509.17227516,6517.03422529,106900
1302,5012.8428302,3508.98998114,6516.69567927,106986
1303,5012.73598837,3508.91519186,6516.55678488,107051
1304,5012.87289974,3509.01102982,6516.73476966,107135
1305,5012.69782518,3508.88847762,6516.50717273,107218
1306,5012.92698925,3509.04889248,6516.80508603,107283
1307,5013.12077467,3509.18454227,6517.05700707,107391
1308,5013.31886438,3509.32320507,6517.3145237,107471
1309,5013.25781592,3509.28047115,6517.2351607,107551
1310,5013.06855036,3509.14798525,6516.98911547,107634
1311,5012.76394133,3508.93475893,6516.59312373,107714
1312,5012.69113968,3508.88379777,6516.49848158,107795
1313,5012.96283574,3509.07398502,6516.85168647,107881
1314,5013.20096267,3509.24067387,6517.16125147,107975
1315,5013.33631318,3509.33541922,6517.33720713,108055
1316,5012.92164338,3509.04515037,6516.79813639,108136
1317,5013.07820589,3509.15474413,6517.00166766,108216
1318,5012.89161335,3509.02412934,6516.75909735,108298
1319,5012.8044734,3508.96313138,6516.64581542,108379
1320,5012.9448881,3509.06142167,6516.82835453,108459
1321,5012.75446713,3508.92812699,6516.58080726,108540
1322,5013.11209576,3509.17846704,6517.04572449,108618
1323,5013.37729322,3509.36410525,6517.39048119,108703
1324,5013.2744442,3509.29211094,6517.25677746,108785
1325,5013.28069204,3509.29648443,6517.26489965,108866
1326,5013.21961037,3509.25372726,6517.18549348,108947
1327,5012.81518537,3508.97062976,6516.65974098,109041
1328,5012.82349336,3508.97644535,6516.67054137,109123
1329,5013.06592303,3509.14614612,6516.98569994,109222
1330,5013.14094667,3509.19866267,6517.08323067,109293
1331,5013.24139106,3509.26897374,6517.21380838,109374
1332,5013.29065574,3509.30345902,6517.27785246,109467
1333,5013.31005696,3509.31703987,6517.30307404,109547
1334,5013.445847,3509.4120929,6517.4796011,109629
