Events Sent, Average throughput (events/second)
1395347,996.669645615
1395447,996.6698842736
1395547,996.670122898
1395647,996.6703614883
1395748,996.669885968
1395848,996.6701245408
1395948,996.6703630794
1396049,996.6698876615
1396149,996.6701261828
1396249,996.6703646699
1396349,996.6706031229
1396450,996.6701278241
1396550,996.6703662597
1396650,996.6706046612
1396751,996.6701294647
1396851,996.6703678488
1396951,996.6706061988
1397051,996.6708445146
1397152,996.6703694373
1397252,996.6706077358
1397352,996.6708460001
1397453,996.670371025
1397553,996.6706092721
1397653,996.670847485
1397754,996.6703726121
1397854,996.6706108077
1397954,996.6708489693
1398054,996.6710870968
1398155,996.6706123427
1398255,996.6708504529
1398355,996.671088529
1398456,996.670613877
1398556,996.6708519359
1398656,996.6710899606
1398756,996.6713279514
1398857,996.6708534182
1398957,996.6710913917
1399057,996.6713293311
1399158,996.6708548999
1399258,996.6710928221
1399358,996.6713307102
1399459,996.6708563809
1399559,996.6710942518
1399659,996.6713320887
1399760,996.6708578613
1399860,996.671095681
1399960,996.6713334667
1400060,996.6715712184
1400161,996.6710971095
1400261,996.671334844
1400361,996.6715725445
1400462,996.6710985375
1400562,996.6713362207
1400662,996.6715738701
1400763,996.6710999648
1400863,996.6713375969
1400963,996.6715751951
1401063,996.6718127593
1401164,996.6713389725
1401264,996.6715765195
1401364,996.6718140326
1401464,996.6720515118
1401565,996.6715778433
1401665,996.6718153054
1401765,996.6720527335
1401866,996.6715791666
1401966,996.6718165776
1402066,996.6720539547
1402167,996.6715804893
1402267,996.6718178492
1402367,996.6720551753
1402467,996.6722924675
1402568,996.6718191204
1402668,996.6720563954
1402768,996.6722936366
1402869,996.6718203909
1402969,996.672057615
1403069,996.6722948052
1403170,996.671821661
1403270,996.672058834
1403370,996.6722959733
1403470,996.6725330787
1403571,996.6720600525
1403671,996.6722971409
1403771,996.6725341954
1403872,996.6720612705
1403972,996.6722983079
1404072,996.6725353116
1404173,996.672062488
1404273,996.6722994745
1404373,996.6725364273
1404473,996.6727733463
1404574,996.6723006406
1404674,996.6725375425
1404774,996.6727744107
1404875,996.6723018062
1404975,996.6725386573
1405075,996.6727754746
1405175,996.6730122583
1405276,996.6725397715
1405376,996.6727765381
1405476,996.6730132709
1405577,996.6725408853
1405677,996.6727776011
1405777,996.6730142832
1405878,996.6725419987
1405978,996.6727786637
1406078,996.673015295
1406178,996.6732518927
1406279,996.6727797258
1406379,996.6730163064
1406479,996.6732528534
1406580,996.6727807874
1406680,996.6730173174
1406780,996.6732538137
1406880,996.6734902764
1406981,996.6730183279
1407081,996.6732547735
1407181,996.6734911856
1407282,996.673019338
1407382,996.673255733
1407482,996.6734920944
1407582,996.6737284222
1407683,996.673256692
1407783,996.6734930028
1407883,996.6737292801
1407984,996.6732576507
1408084,996.6734939109
1408184,996.6737301375
1408285,996.6732586089
1408385,996.6734948185
1408485,996.6737309947
1408585,996.6739671372
1408686,996.6734957258
1408786,996.6737318514
1408886,996.6739679435
1408987,996.6734966327
1409087,996.6737327078
1409187,996.6739687494
1409287,996.6742047574
1409388,996.6737335638
1409488,996.6739695549
1409588,996.6742055125
1409689,996.6737344194
1409789,996.6739703601
1409889,996.6742062673
1409990,996.6737352747
1410090,996.673971165
1410190,996.6742070217
1410290,996.6744428451
1410391,996.6739719695
1410491,996.6742077759
1410591,996.6744435488
1410692,996.6739727736
1410792,996.6742085297
1410892,996.6744442523
1410992,996.6746799415
1411093,996.6742092832
1411193,996.6744449554
1411293,996.6746805943
1411394,996.6742100363
1411494,996.6744456583
1411594,996.6746812469
1411694,996.6749168021
1411795,996.6744463608
1411895,996.6746818992
1411995,996.6749174041
1412096,996.6744470631
1412196,996.6746825511
1412296,996.6749180059
1412397,996.674447765
1412497,996.6746832029
1412597,996.6749186074
1412697,996.6751539785
1412798,996.6746838543
1412898,996.6749192086
1412998,996.6751545296
1413099,996.6746845055
1413199,996.6749198096
1413299,996.6751550804
1413399,996.675390318
1413500,996.6749204103
1413600,996.675155631
1413700,996.6753908184
1413801,996.6749210108
1413901,996.6751561814
1414001,996.6753913187
1414101,996.6756264227
1414202,996.6751567315
1414302,996.6753918187
1414402,996.6756268727
1414502,996.6758618934
1414603,996.6753923186
1414703,996.6756273225
1414803,996.6758622932
1414904,996.6753928182
1415004,996.6756277721
1415104,996.6758626928
1415204,996.6760975803
1415305,996.6756282215
1415405,996.6758630922
1415505,996.6760979297
1415606,996.6756286707
1415706,996.6758634914
1415806,996.676098279
1415907,996.6756291197
1416007,996.6758638905
1416107,996.6760986281
1416208,996.6756295685
1416308,996.6758642894
1416408,996.6760989771
1416509,996.6756300172
1416609,996.6758646881
1416709,996.676099326
1416809,996.6763339307
1416910,996.6758650867
1417010,996.6760996747
1417110,996.6763342295
1417210,996.6765687513
1417311,996.6761000232
1417411,996.6763345282
1417511,996.6765690002
1417612,996.6761003716
1417712,996.6763348268
1417812,996.676569249
1417913,996.6761007199
1418013,996.6763351253
1418113,996.6765694976
1418213,996.6768038369
1418314,996.6763354236
1418414,996.6765697462
1418514,996.6768040358
1418615,996.6763357218
1418715,996.6765699947
1418815,996.6768042345
1418916,996.6763360199
1419016,996.676570243
1419116,996.6768044332
1419217,996.6763363178
1419317,996.6765704913
1419417,996.6768046318
1419517,996.6770387392
1419618,996.6765707395
1419718,996.6768048303
1419818,996.6770388881
1419919,996.6765709875
1420019,996.6768050287
1420119,996.6770390369
1420220,996.6765712354
1420320,996.676805227
1420420,996.6770391856
1420521,996.6765714833
1420621,996.6768054252
1420721,996.6770393343
1420821,996.6772732103
1420922,996.6768056234
1421022,996.6770394829
1421122,996.6772733094
1421223,996.6768058215
1421323,996.6770396314
1421423,996.6772734084
1421523,996.6775071525
1421624,996.6770397799
1421724,996.6772735074
1421824,996.677507202
1421925,996.6770399283
1422025,996.6772736063
1422125,996.6775072515
1422225,996.6777408638
1422326,996.6772737052
1422426,996.6775073009
1422526,996.6777408638
1422627,996.677273804
1422727,996.6775073503
1422827,996.6777408638
1422928,996.6772739028
1423028,996.6775073997
1423128,996.6777408638
1423228,996.6779742951
1423329,996.6775074491
1423429,996.6777408638
1423529,996.6779742457
1423630,996.6775074984
1423730,996.6777408638
1423830,996.6779741964
1423931,996.6775075478
1424031,996.6777408638
1424131,996.677974147
1424231,996.6782073975
1424332,996.6777408638
1424432,996.6779740977
1424532,996.678207299
1424633,996.6777408638
1424733,996.6779740485
1424833,996.6782072004
1424933,996.6784403197
1425034,996.6779739992
1425134,996.6782071019
1425234,996.6784401719
1425334,996.6786732092
1425435,996.6782070035
1425535,996.6784400243
1425635,996.6786730124
1425736,996.6782069051
1425836,996.6784398767
1425936,996.6786728156
1426037,996.6782068067
1426137,996.6784397291
1426237,996.6786726189
1426337,996.6789054761
1426438,996.6784395817
1426538,996.6786724223
1426638,996.6789052303
1426739,996.6784394343
1426839,996.6786722258
1426939,996.6789049847
1427039,996.679137711
1427140,996.6786720294
1427240,996.6789047392
1427340,996.6791374165
1427441,996.678671833
1427541,996.6789044938
1427641,996.679137122
1427741,996.6793697176
1427842,996.6789042485
1427942,996.6791368277
1428042,996.6793693743
1428143,996.6789040033
1428243,996.6791365335
1428343,996.6793690311
1428443,996.6796014962
1428544,996.6791362394
1428644,996.6793686881
1428744,996.6796011042
1428845,996.6791359455
1428945,996.6793683452
1429045,996.6796007124
1429145,996.679833047
1429246,996.6793680024
1429346,996.6796003207
1429446,996.6798326065
1429547,996.6793676598
1429647,996.6795999292
1429747,996.6798321661
1429847,996.6800643705
1429948,996.6795995379
1430048,996.6798317259
1430148,996.6800638815
1430249,996.6795991467
1430349,996.6798312859
1430449,996.6800633927
1430549,996.680295467
1430650,996.6798308461
1430750,996.6800629041
1430850,996.6802949296
1430951,996.6798304065
1431051,996.6800624157
1431151,996.6802943924
1431252,996.6798299671
1431352,996.6800619275
1431452,996.6802938555
1431552,996.6805257511
1431653,996.6800614395
1431753,996.6802933188
1431853,996.6805251656
1431954,996.6800609517
1432054,996.6802927823
1432154,996.6805245805
1432254,996.6807563463
1432355,996.680292246
1432455,996.6805239955
1432555,996.6807557127
1432656,996.6802917099
1432756,996.6805234108
1432856,996.6807550794
1432956,996.6809867156
1433057,996.6805228264
1433157,996.6807544463
1433257,996.6809860339
1433358,996.6805222422
1433458,996.6807538135
1433558,996.6809853525
1433658,996.6812168593
1433759,996.680753181
1433859,996.6809846714
1433959,996.6812161296
1434060,996.6807525487
1434160,996.6809839906
1434260,996.6812154003
1434360,996.6814467777
1434461,996.6809833101
1434561,996.6812146712
1434661,996.6814460001
1434762,996.6809826299
1434862,996.6812139425
1434962,996.6814452229
1435062,996.6816764711
1435163,996.6812132141
1435263,996.6814444461
1435363,996.6816756458
1435464,996.681212486
1435564,996.6814436695
1435664,996.6816748209
1435765,996.6812117582
1435865,996.6814428933
1435965,996.6816739962
1436065,996.681905067
1436166,996.6814421174
1436266,996.681673172
1436366,996.6819041943
1436467,996.6814413418
1436567,996.681672348
1436667,996.6819033221
1436767,996.6821342639
1436868,996.6816715245
1436968,996.6819024502
1437068,996.6821333437
1437169,996.6816707012
1437269,996.6819015786
1437369,996.6821324239
1437470,996.6816698783
1437570,996.6819007074
1437670,996.6821315044
1437770,996.6823622693
1437871,996.6818998366
1437971,996.6821305854
1438071,996.6823613021
1438172,996.6818989662
1438272,996.6821296667
1438372,996.6823603352
1438472,996.6825909715
1438573,996.6821287484
1438673,996.6823593687
1438773,996.6825899569
1438874,996.6821278305
1438974,996.6823584026
1439074,996.6825889426
1439174,996.6828194506
1439275,996.6823574369
1439375,996.6825879288
1439475,996.6828183886
1439576,996.6823564716
1439676,996.6825869154
1439776,996.6828173271
1439877,996.6823555068
1439977,996.6825859024
1440077,996.6828162661
1440177,996.6830465977
1440278,996.6825848899
1440378,996.6828152055
1440478,996.6830454891
1440579,996.6825838777
1440679,996.6828141453
1440779,996.6830443809
1440880,996.682582866
1440980,996.6828130855
1441080,996.6830432731
1441181,996.6825818547
1441281,996.6828120262
1441381,996.6830421658
1441481,996.6832722734
1441582,996.6828109674
1441682,996.683041059
1441782,996.6832711187
1441883,996.682809909
1441983,996.6830399526
1442083,996.6832699644
1442184,996.682808851
1442284,996.6830388467
1442384,996.6832688105
1442485,996.6828077935
1442585,996.6830377413
1442685,996.6832676572
1442785,996.6834975412
1442886,996.6830366363
1442986,996.6832665043
1443086,996.6834963405
1443187,996.6830355318
1443287,996.6832653519
1443387,996.6834951403
1443488,996.6830344277
1443588,996.6832642
1443688,996.6834939405
1443788,996.6837236492
1443889,996.6832630486
1443989,996.6834927413
1444089,996.6837224022
1444190,996.6832618977
1444290,996.6834915426
1444390,996.6837211556
1444491,996.6832607472
1444591,996.6834903443
1444691,996.6837199097
1444792,996.6832595972
1444892,996.6834891466
1444992,996.6837186642
1445093,996.6832584477
1445193,996.6834879494
1445293,996.6837174192
1445393,996.6839468574
1445494,996.6834867526
1445594,996.6837161748
1445694,996.6839455652
1445795,996.6834855564
1445895,996.6837149309
1445995,996.6839442737
1446095,996.6841735847
1446196,996.6837136875
1446296,996.6839429826
1446396,996.6841722461
1446497,996.6837124446
1446597,996.6839416921
1446697,996.6841709079
1446798,996.6837112023
1446898,996.6839404022
1446998,996.6841695704
1447098,996.6843987069
1447199,996.6839391127
1447299,996.6841682334
1447399,996.6843973224
1447500,996.6839378238
1447600,996.6841668969
1447700,996.6843959384
1447801,996.6839365355
1447901,996.684165561
1448001,996.684394555
1448101,996.6846235173
1448202,996.6841642257
1448302,996.6843931721
1448402,996.684622087
1448503,996.6841628909
1448603,996.6843917899
1448703,996.6846206572
1448804,996.6841615567
1448904,996.6843904082
1449004,996.6846192281
1449104,996.6848480164
1449205,996.6843890271
1449305,996.6846177996
1449405,996.6848465405
1449506,996.6843876466
1449606,996.6846163716
1449706,996.6848450651
1449807,996.6843862666
1449907,996.6846149443
1450007,996.6848435904
1450108,996.6843848872
1450208,996.6846135175
1450308,996.6848421163
1450408,996.6850706836
1450509,996.6846120913
1450609,996.6848406428
1450709,996.6850691627
1450810,996.6846106658
1450910,996.6848391699
1451010,996.6850676425
1451111,996.6846092408
1451211,996.6848376976
1451311,996.685066123
1451412,996.6846078164
1451512,996.684836226
1451612,996.685064604
1451713,996.6846063926
1451813,996.6848347549
1451913,996.6850630857
1452013,996.6852913851
1452114,996.6848332844
1452214,996.6850615681
1452314,996.6852898202
1452414,996.685518041
1452515,996.685060051
1452615,996.685288256
1452715,996.6855164296
1452816,996.6850585346
1452916,996.6852866924
1453016,996.6855148188
1453117,996.6850570188
1453217,996.6852851295
1453317,996.6855132088
1453417,996.6857412566
1453518,996.6852835672
1453618,996.6855115993
1453718,996.6857396001
1453819,996.6852820055
1453919,996.6855099906
1454019,996.6857379443
1454120,996.6852804445
1454220,996.6855083825
1454320,996.6857362891
1454420,996.6859641644
1454521,996.6855067751
1454621,996.6857346347
1454721,996.6859624629
1454822,996.6855051683
1454922,996.6857329809
1455022,996.6859607621
1455123,996.6855035622
1455223,996.6857313278
1455323,996.685959062
1455424,996.6855019568
1455524,996.6857296754
1455624,996.6859573626
1455724,996.6861850186
1455825,996.6857280236
1455925,996.6859556639
1456025,996.686183273
1456126,996.6857263726
1456226,996.6859539659
1456326,996.686181528
1456427,996.6857247222
1456527,996.6859522687
1456627,996.6861797838
1456728,996.6857230725
1456828,996.6859505721
1456928,996.6861780404
1457028,996.6864054775
1457129,996.6859488762
1457229,996.6861762976
1457330,996.6857197752
1457430,996.685947181
1457530,996.6861745556
1457630,996.686401899
1457731,996.6859454865
1457831,996.6861728143
1457931,996.6864001108
1458032,996.6859437927
1458132,996.6861710737
1458232,996.6863983235
1458333,996.6859420996
1458433,996.6861693338
1458533,996.6863965368
1458633,996.6866237086
1458734,996.6861675946
1458834,996.6863947509
1458934,996.686621876
1459035,996.6861658562
1459135,996.6863929657
1459235,996.6866200441
1459335,996.6868470913
1459436,996.6863911813
1459536,996.6866182129
1459636,996.6868452135
1459737,996.6863893975
1459837,996.6866163825
1459937,996.6868433364
1460038,996.6863876146
1460138,996.6866145529
1460238,996.6868414601
1460338,996.6870683362
1460439,996.686612724
1460539,996.6868395846
1460639,996.6870664141
1460740,996.6866108958
1460840,996.6868377098
1460940,996.6870644927
1461041,996.6866090685
1461141,996.6868358358
1461241,996.6870625722
1461342,996.6866072418
1461442,996.6868339626
1461542,996.6870606524
1461643,996.686605416
1461743,996.6868320902
1461843,996.6870587334
1461943,996.6872853456
1462044,996.6868302185
1462144,996.6870568152
1462244,996.6872833809
1462345,996.6868283476
1462445,996.6870548978
1462545,996.687281417
1462646,996.6868264775
1462746,996.6870529812
1462846,996.6872794539
1462946,996.6875058956
1463047,996.6870510653
1463147,996.6872774916
1463247,996.6875038869
1463348,996.6870491503
1463448,996.6872755301
1463548,996.687501879
1463649,996.6870472361
1463749,996.6872735694
1463849,996.6874998719
1463949,996.6877261435
1464050,996.6872716096
1464150,996.6874978657
1464250,996.6877240908
1464351,996.6872696505
1464451,996.6874958602
1464551,996.687722039
1464651,996.687948187
1464752,996.6874938556
1464852,996.6877199881
1464952,996.6879460897
1465053,996.6874918518
1465153,996.687717938
1465253,996.6879439933
1465353,996.6881700177
1465454,996.6877158887
1465554,996.6879418977
1465654,996.6881678759
1465755,996.6877138403
1465855,996.6879398031
1465955,996.688165735
1466055,996.6883916361
1466156,996.6879377092
1466256,996.6881635949
1466356,996.6883894498
1466457,996.6879356163
1466557,996.6881614557
1466657,996.6883872644
1466758,996.6879335241
1466858,996.6881593174
1466958,996.6883850799
1467058,996.6886108116
1467159,996.68815718
1467259,996.6883828963
1467359,996.6886085818
1467460,996.6881550434
1467560,996.6883807136
1467660,996.688606353
1467760,996.6888319616
1467861,996.6883785318
1467961,996.688604125
1468061,996.6888296876
1468162,996.6883763508
1468262,996.688601898
1468362,996.6888274145
1468463,996.6883741708
1468563,996.6885996719
1468663,996.6888251423
1468763,996.689050582
1468864,996.6885974467
1468964,996.6888228711
1469064,996.6890482647
1469165,996.6885952225
1469265,996.6888206008
1469365,996.6890459484
1469466,996.6885929991
1469566,996.6888183314
1469666,996.689043633
1469766,996.689268904
1469867,996.688816063
1469967,996.6890413186
1470067,996.6892665436
1470168,996.6888137954
1470268,996.6890390051
1470368,996.6892641842
1470469,996.6888115288
1470569,996.6890366926
1470669,996.6892618257
1470769,996.6894869283
1470870,996.689034381
1470970,996.6892594682
1471070,996.6894845249
1471171,996.6890320704
1471271,996.6892571117
1471371,996.6894821225
1471471,996.6897071026
1471572,996.6892547561
1471672,996.689479721
1471772,996.6897046553
1471873,996.6892524015
1471973,996.6894773206
1472073,996.6897022091
1472174,996.6892500479
1472274,996.6894749211
1472374,996.6896997638
1472474,996.6899245759
1472575,996.6894725226
1472675,996.6896973195
1472775,996.6899220859
1472876,996.6894701251
1472976,996.6896948762
1473076,996.6899195968
1473177,996.6894677286
1473277,996.6896924339
1473377,996.6899171088
1473478,996.689465333
1473578,996.6896899927
1473678,996.6899146218
1473779,996.6894629385
1473879,996.6896875524
1473979,996.6899121358
1474079,996.6901366887
1474180,996.6896851131
1474280,996.6899096508
1474380,996.6901341581
1474481,996.6896826748
1474581,996.6899071669
1474681,996.6901316285
1474782,996.6896802375
1474882,996.6899046839
1474982,996.6901290999
1475083,996.6896778012
1475183,996.689902202
1475283,996.6901265723
1475384,996.6896753659
1475484,996.689899721
1475584,996.6901240458
1475684,996.6903483402
1475785,996.6898972411
1475885,996.6901215203
1475985,996.6903457691
1476086,996.6898947622
1476186,996.6901189958
1476286,996.6903431991
1476387,996.6898922843
1476487,996.6901164724
1476587,996.6903406301
1476688,996.6898898075
1476788,996.69011395
1476888,996.6903380622
1476988,996.690562144
1477089,996.6901114286
1477189,996.6903354953
1477289,996.6905595317
1477390,996.6901089083
1477490,996.6903329295
1477590,996.6905569204
1477691,996.690106389
1477791,996.6903303647
1477891,996.6905543102
1477992,996.6901038707
1478092,996.690327801
1478192,996.690551701
1478293,996.6901013534
1478393,996.6903252383
1478493,996.6905490929
1478594,996.6900988371
1478694,996.6903226766
1478795,996.6898724975
1478895,996.6900963219
1478995,996.690320116
1479096,996.6898700287
1479196,996.6900938077
1479296,996.6903175565
1479397,996.6898675609
1479497,996.6900912945
1479597,996.6903149979
1479698,996.6898650941
1479798,996.6900887824
1479898,996.6903124405
1479999,996.6898626283
1480099,996.6900862713
1480199,996.690309884
1480300,996.6898601635
1480400,996.6900837611
1480500,996.6903073286
1480601,996.6898576997
1480701,996.6900812521
1480802,996.6896316996
1480902,996.6898552369
1481002,996.690078744
1481103,996.689629283
1481203,996.6898527751
1481303,996.6900762369
1481404,996.6896268675
1481504,996.6898503143
1481604,996.6900737309
1481705,996.6896244529
1481805,996.6898478545
1481905,996.6900712259
1482006,996.6896220393
1482106,996.6898453957
1482207,996.6893962854
1482307,996.6896196267
1482407,996.6898429379
1482508,996.689393919
1482608,996.6896172151
1482708,996.6898404811
1482809,996.6893915535
1482909,996.6896148044
1483009,996.6898380253
1483110,996.6893891889
1483210,996.6896123947
1483310,996.6898355704
1483411,996.6893868254
1483511,996.689609986
1483611,996.6898331166
1483712,996.6893844628
1483812,996.6896075783
1483913,996.6891590006
1484013,996.6893821011
1484113,996.6896051716
1484214,996.689156685
1484314,996.6893797404
1484414,996.6896027658
1484515,996.6891543703
1484615,996.6893773807
1484715,996.689600361
1484816,996.6891520566
1484916,996.6893750219
1485016,996.6895979572
1485117,996.6891497438
1485217,996.6893726641
1485318,996.6889245266
1485418,996.6891474319
1485518,996.6893703072
1485619,996.6889222607
1485719,996.689145121
1485819,996.6893679513
1485920,996.6889199957
1486020,996.689142811
1486120,996.6893655963
1486221,996.6889177316
1486321,996.689140502
1486421,996.6893632423
1486522,996.6889154685
1486622,996.6891381938
1486722,996.6893608893
1486823,996.6889132062
1486923,996.6891358867
1487024,996.6886882794
1487124,996.6889109449
1487224,996.6891335804
1487325,996.6886860639
1487425,996.6889086845
1487525,996.6891312751
1487626,996.6886838493
1487726,996.688906425
1487826,996.6891289707
1487927,996.6886816356
1488027,996.6889041664
1488128,996.6884569069
1488228,996.6886794228
1488328,996.6889019087
1488429,996.6884547399
1488529,996.6886772109
1488629,996.688899652
1488730,996.6884525737
1488830,996.6886749998
1488930,996.6888973961
1489031,996.6884504084
1489131,996.6886727897
1489231,996.6888951412
1489332,996.6884482439
1489432,996.6886705805
1489533,996.6882237587
1489633,996.6884460803
1489733,996.6886683721
1489834,996.6882216408
1489934,996.6884439177
1490034,996.6886661647
1490135,996.6882195237
1490235,996.6884417558
1490335,996.6886639581
1490436,996.6882174075
1490536,996.6884395949
1490636,996.6886617524
1490737,996.6882152922
1490837,996.6884374348
1490937,996.6886595477
1491038,996.6882131777
1491138,996.6884352756
1491239,996.687988981
1491339,996.688211064
1491439,996.6884331173
1491540,996.6879869129
1491640,996.6882089512
1491740,996.6884309598
1491841,996.6879848456
1491941,996.6882068393
1492041,996.6884288032
1492142,996.6879827791
1492242,996.6882047282
1492343,996.6877587793
1492443,996.6879807135
1492543,996.6882026179
1492644,996.6877567591
1492744,996.6879786487
1492844,996.6882005086
1492945,996.6877547398
1493045,996.6879765848
1493145,996.6881984
1493246,996.6877527213
1493346,996.6879745216
1493446,996.6881962923
1493547,996.6877507035
1493647,996.6879724594
1493748,996.6875269456
1493848,996.6877486866
1493948,996.6879703979
1494049,996.6875249741
1494149,996.6877466705
1494249,996.6879683373
1494350,996.6875230033
1494450,996.6877446552
1494550,996.6879662775
1494651,996.6875210333
1494751,996.6877426407
1494852,996.6872974716
1494952,996.6875190642
1495052,996.6877406271
1495152,996.6879621604
1495253,996.6875170958
1495353,996.6877386142
1495453,996.6879601031
1495554,996.6875151282
1495654,996.6877366022
1495754,996.6879580466
1495855,996.6875131614
1495955,996.6877345909
1496055,996.6879559909
1496156,996.6875111954
1496256,996.6877325805
1496356,996.6879539361
1496457,996.6875092301
1496557,996.6877305709
1496657,996.6879518821
1496758,996.6875072657
1496858,996.6877285621
1496958,996.6879498289
1497059,996.6875053021
1497159,996.6877265541
1497259,996.6879477766
1497359,996.6881689695
1497460,996.6877245469
1497560,996.687945725
1497660,996.6881668737
1497761,996.6877225405
1497861,996.6879436743
1497961,996.6881647787
1498062,996.6877205349
1498162,996.6879416245
1498262,996.6881626845
1498363,996.6877185302
1498463,996.6879395754
1498563,996.6881605912
1498664,996.6877165262
1498764,996.6879375272
1498864,996.6881584987
1498964,996.6883794407
1499065,996.6879354798
1499165,996.6881564071
1499265,996.6883773049
1499366,996.6879334332
1499466,996.6881543163
1499566,996.6883751699
1499667,996.6879313874
1499767,996.6881522263
1499867,996.6883730357
1499968,996.6879293425
1500068,996.6881501372
1500168,996.6883709025
1500268,996.6885916383
1500369,996.6881480489
1500469,996.68836877
1500569,996.6885894617
1500670,996.6881459615
1500770,996.6883666385
1500870,996.688587286
1500971,996.6881438749
1501071,996.6883645077
1501171,996.6885851112
1501271,996.6888056853
1501372,996.6883623779
1501472,996.6885829373
1501572,996.6888034673
1501673,996.6883602489
1501773,996.6885807642
1501873,996.6888012502
1501974,996.6883581207
1502074,996.688578592
1502174,996.6887990339
1502274,996.6890194465
1502375,996.6885764207
1502475,996.6887968186
1502575,996.6890171872
1502676,996.6885742502
1502776,996.6887946041
1502876,996.6890149287
1502977,996.6885720806
1503077,996.6887923905
1503177,996.6890126712
1503278,996.6885699119
1503378,996.6887901779
1503478,996.6890104145
1503578,996.6892306219
1503679,996.688787966
1503779,996.6890081588
1503879,996.6892283222
1503980,996.6887857551
1504080,996.6890059039
1504180,996.6892260235
1504281,996.6887835451
1504381,996.68900365
1504481,996.6892237257
1504581,996.6894437721
1504682,996.689001397
1504782,996.6892214288
1504882,996.6894414313
1504983,996.6889991448
1505083,996.6892191328
1505183,996.6894390915
1505284,996.6889968936
1505384,996.6892168377
1505484,996.6894367526
1505584,996.6896566382
1505685,996.6892145435
1505785,996.6894344146
1505885,996.6896542565
1505986,996.6892122503
1506086,996.6894320776
1506186,996.6896518757
1506286,996.6898716446
1506387,996.6894297415
1506487,996.6896494958
1506587,996.689869221
1506688,996.6894274063
1506788,996.6896471169
1506888,996.6898667983
1506988,996.6900864506
1507089,996.689644739
1507189,996.6898643767
1507289,996.6900839852
1507390,996.689642362
1507490,996.689861956
1507590,996.6900815208
1507691,996.6896399859
1507791,996.6898595362
1507891,996.6900790574
1507992,996.6896376108
1508092,996.6898571175
1508192,996.690076595
1508292,996.6902960435
1508393,996.6898546997
1508493,996.6900741336
1508593,996.6902935384
1508694,996.6898522828
1508794,996.6900716731
1508894,996.6902910344
1508995,996.689849867
1509095,996.6900692137
1509195,996.6902885313
1509295,996.6905078199
1509396,996.6900667552
1509496,996.6902860292
1509596,996.6905052743
1509697,996.6900642977
1509797,996.6902835282
1509897,996.6905027297
1509998,996.6900618411
1510098,996.6902810281
1510198,996.6905001861
1510299,996.6900593856
1510399,996.6902785291
1510499,996.6904976435
1510599,996.6907167289
1510700,996.690276031
1510800,996.6904951019
1510900,996.6907141439
1511001,996.6902735339
1511101,996.6904925614
1511201,996.6907115599
1511302,996.6902710378
1511402,996.6904900218
1511502,996.6907089769
1511602,996.690927903
1511703,996.6904874833
1511803,996.6907063949
1511903,996.6909252776
1512004,996.6904849458
1512104,996.690703814
1512204,996.6909226533
1512304,996.6911414636
1512405,996.6907012341
1512505,996.69092003
1512605,996.691138797
1512706,996.6906986553
1512806,996.6909174078
1512906,996.6911361314
1513007,996.6906960774
1513107,996.6909147866
1513207,996.6911334669
1513308,996.6906935006
1513408,996.6909121664
1513508,996.6911308034
1513608,996.6913494115
1513709,996.6909095473
1513809,996.691128141
1513909,996.6913467058
1514010,996.6909069293
1514110,996.6911254797
1514210,996.6913440012
1514311,996.6909043123
1514411,996.6911228194
1514511,996.6913412976
1514612,996.6909016963
1514712,996.6911201601
1514812,996.6913385952
1514912,996.6915570013
1515013,996.691117502
1515113,996.6913358938
1515213,996.6915542567
1515314,996.6911148448
1515414,996.6913331934
1515514,996.6915515132
1515615,996.6911121888
1515715,996.6913304942
1515815,996.6915487708
1515916,996.6911095338
1516016,996.691327796
1516116,996.6915460295
1516216,996.6917642341
1516317,996.6913250989
1516417,996.6915432892
1516517,996.6917614507
1516618,996.6913224029
1516718,996.6915405501
1516818,996.6917586685
1516919,996.6913197079
1517019,996.691537812
1517119,996.6917558873
1517219,996.6919739339
1517320,996.691535075
1517420,996.6917531072
1517520,996.6919711108
1517621,996.6915323391
1517721,996.6917503283
1517821,996.6919682888
1517922,996.6915296043
1518022,996.6917475504
1518122,996.6919654679
1518223,996.6915268706
1518323,996.6917447737
1518423,996.6919626481
1518523,996.6921804938
1518624,996.691741998
1518724,996.6919598294
1518824,996.6921776322
1518925,996.6917392235
1519025,996.6919570119
1519125,996.6921747717
1519226,996.69173645
1519326,996.6919541955
1519426,996.6921719123
1519527,996.6917336777
1519627,996.6919513802
1519727,996.692169054
1519827,996.6923866993
1519928,996.691948566
1520028,996.6921661969
1520128,996.6923837993
1520229,996.6919457529
1520329,996.692163341
1520429,996.6923809004
1520530,996.6919429409
1520630,996.6921604861
1520730,996.6923780027
1520831,996.6919401301
1520931,996.6921576324
1521031,996.6923751061
1521132,996.6919373204
1521232,996.6921547798
1521332,996.6923722107
1521432,996.6925896129
1521533,996.6921519284
1521633,996.6923693164
1521733,996.6925866759
1521834,996.692149078
1521934,996.6923664232
1522034,996.6925837399
1522135,996.6921462288
1522235,996.6923635313
1522335,996.6925808051
1522436,996.6921433807
1522536,996.6923606404
1522636,996.6925778715
1522736,996.6927950741
1522837,996.6923577507
1522937,996.6925749391
1523037,996.6927920989
1523138,996.6923548621
1523238,996.6925720078
1523338,996.6927891249
1523439,996.6923519747
1523539,996.6925690777
1523639,996.6927861521
1523739,996.6930031981
1523840,996.6925661487
1523940,996.6927831804
1524040,996.6930001837
1524141,996.6925632209
1524241,996.69278021
1524341,996.6929971706
1524442,996.6925602942
1524542,996.6927772406
1524642,996.6929941586
1524742,996.6932110482
1524843,996.6927742725
1524943,996.6929911479
1525043,996.6932079948
1525144,996.6927713055
1525244,996.6929881383
1525344,996.6932049426
1525445,996.6927683397
1525545,996.6929851299
1525645,996.6932018917
1525745,996.693418625
1525846,996.6929821227
1525946,996.6931988419
1526046,996.6934155327
1526147,996.6929791167
1526247,996.6931957933
1526347,996.6934124416
1526448,996.6929761119
1526548,996.693192746
1526648,996.6934093517
1526748,996.6936259291
1526849,996.6931896998
1526949,996.6934062631
1527049,996.693622798
1527150,996.6931866549
1527250,996.6934031756
1527350,996.6936196681
1527451,996.6931836111
1527551,996.6934000894
1527651,996.6936165394
1527751,996.693832961
1527852,996.6933970044
1527952,996.6936134119
1528052,996.6938297911
1528153,996.6933939206
1528253,996.6936102857
1528353,996.6938266225
1528454,996.6933908381
1528554,996.6936071608
1528654,996.6938234551
1528755,996.6933877567
1528855,996.693604037
1528955,996.693820289
1529055,996.6940365127
1529156,996.6936009145
1529256,996.6938171241
1529356,996.6940333055
1529457,996.6935977932
1529557,996.6938139605
1529657,996.6940300996
1529758,996.6935946731
1529858,996.6938107981
1529958,996.6940268949
1530059,996.6935915543
1530159,996.693807637
1530259,996.6940236914
1530359,996.6942397176
1530460,996.6938044771
1530560,996.6940204892
1530660,996.6942364732
1530761,996.6938013184
1530861,996.6940172883
1530961,996.69423323
1531062,996.693798161
1531162,996.6940140886
1531262,996.6942299881
1531362,996.6944458593
1531463,996.6940108902
1531563,996.6942267474
1531663,996.6944425765
1531764,996.6940076931
1531864,996.6942235081
1531964,996.6944392949
1532065,996.6940044972
1532165,996.69422027
1532265,996.6944360147
1532366,996.6940013026
1532466,996.6942170332
1532566,996.6944327357
1532666,996.69464841
1532767,996.6942137977
1532867,996.694429458
1532967,996.6946450902
1533068,996.6942105634
1533168,996.6944261816
1533268,996.6946417717
1533369,996.6942073304
1533469,996.6944229065
1533569,996.6946384545
1533670,996.6942040987
1533770,996.6944196327
1533870,996.6946351386
1533971,996.6942008682
1534071,996.6944163601
1534171,996.694631824
1534271,996.6948472597
1534372,996.6944130889
1534472,996.6946285107
1534572,996.6948439044
1534673,996.6944098189
1534773,996.6946251986
1534873,996.6948405503
1534974,996.6944065502
1535074,996.6946218879
1535174,996.6948371976
1535274,996.6950524792
1535375,996.6946185785
1535475,996.6948338462
1535575,996.6950490858
1535676,996.6946152704
1535776,996.6948304961
1535876,996.6950456938
1535977,996.6946119636
1536077,996.6948271473
1536177,996.6950423031
1536278,996.6946086581
1536378,996.6948237999
1536478,996.6950389137
1536579,996.6946053538
1536679,996.6948204537
1536779,996.6950355256
1536880,996.6946020509
1536980,996.6948171089
1537080,996.6950321389
1537180,996.6952471409
1537281,996.6948137653
1537381,996.6950287534
1537481,996.6952437136
1537582,996.6948104231
1537682,996.6950253694
1537782,996.6952402876
1537883,996.6948070822
1537983,996.6950219866
1538083,996.695236863
1538184,996.6948037426
1538284,996.6950186051
1538384,996.6952334398
1538484,996.6954482465
1538585,996.695015225
1538685,996.6952300178
1538785,996.6954447827
1538886,996.6950118462
1538986,996.6952265973
1539086,996.6954413204
1539187,996.6950084688
1539287,996.695223178
1539387,996.6954378594
1539487,996.6956525128
1539588,996.6952197601
1539688,996.6954343997
1539788,996.6956490114
1539889,996.6952163435
1539989,996.6954309414
1540089,996.6956455114
1540190,996.6952129283
1540290,996.6954274844
1540390,996.6956420127
1540490,996.6958565132
1540591,996.6954240288
1540691,996.6956385154
1540791,996.6958529742
1540892,996.6954205746
1540992,996.6956350195
1541092,996.6958494366
1541193,996.6954171217
1541293,996.695631525
1541393,996.6958459004
1541494,996.6954136701
1541594,996.6956280318
1541694,996.6958423656
1541794,996.6960566716
1541895,996.6956245399
1541995,996.6958388322
1542095,996.6960530966
1542196,996.6956210495
1542296,996.6958353001
1542396,996.696049523
1542497,996.6956175604
1542597,996.6958317694
1542697,996.6960459507
1542797,996.6962601042
1542898,996.6958282401
1542998,996.6960423798
1543098,996.6962564918
1543199,996.6958247122
1543299,996.6960388104
1543399,996.6962528808
1543499,996.6964669235
1543600,996.6960352423
1543700,996.6962492712
1543800,996.6964632724
1543901,996.6960316756
1544001,996.6962456631
1544101,996.6964596228
1544202,996.6960281103
1544302,996.6962420563
1544402,996.6964559745
1544502,996.6966698651
1544603,996.6962384509
1544703,996.6964523277
1544803,996.6966661769
1544904,996.696234847
1545004,996.6964486823
1545104,996.69666249
1545205,996.6962312444
1545305,996.6964450384
1545405,996.6966588047
1545505,996.6968725433
1545606,996.6964413958
1545706,996.6966551207
1545806,996.696868818
1545907,996.6964377547
1546007,996.6966514382
1546107,996.6968650941
1546208,996.6964341149
1546308,996.6966477571
1546408,996.6968613716
1546508,996.6970749586
1546609,996.6966440775
1546709,996.6968576507
1546809,996.6970711963
1546910,996.6966403992
1547010,996.6968539311
1547110,996.6970674354
1547211,996.6966367225
1547311,996.696850213
1547411,996.697063676
1547512,996.6966330471
1547612,996.6968464964
1547712,996.6970599181
1547812,996.6972733123
1547913,996.6968427812
1548013,996.6970561617
1548113,996.6972695146
1548214,996.6968390675
1548314,996.6970524067
1548414,996.6972657183
1548515,996.6968353552
1548615,996.6970486532
1548715,996.6972619236
1548816,996.6968316443
1548916,996.6970449011
1549016,996.6972581303
1549116,996.697471332
1549217,996.6970411505
1549317,996.6972543385
1549417,996.6974674991
1549518,996.6970374013
1549618,996.6972505482
1549718,996.6974636676
1549819,996.6970336536
1549919,996.6972467593
1550019,996.6974598376
1550120,996.6970299074
1550220,996.697242972
1550320,996.6974560091
1550420,996.6976690187
1550521,996.6972391861
1550621,996.6974521821
1550721,996.6976651506
1550822,996.6972354016
1550922,996.6974483565
1551022,996.697661284
1551123,996.6972316186
1551223,996.6974445325
1551323,996.6976574189
1551424,996.6972278371
1551524,996.6974407099
1551624,996.6976535552
1551724,996.6978663731
1551825,996.6974368888
1551925,996.6976496931
1552025,996.69786247
1552126,996.6974330692
1552226,996.6976458325
1552326,996.6978585684
1552427,996.6974292511
1552527,996.6976419734
1552627,996.6978546683
1552728,996.6974254345
1552828,996.6976381157
1552928,996.6978507696
1553029,996.6974216193
1553129,996.6976342596
1553229,996.6978468725
1553329,996.6980594581
1553430,996.697630405
1553530,996.697842977
1553630,996.6980555216
1553731,996.6976265518
1553831,996.6978390829
1553931,996.6980515866
1554032,996.6976227002
1554132,996.6978351903
1554232,996.6980476531
1554333,996.69761885
1554433,996.6978312993
1554533,996.6980437212
1554633,996.6982561158
1554734,996.6978274097
1554834,996.6980397907
1554934,996.6982521445
1555035,996.6978235217
1555135,996.6980358618
1555235,996.6982481747
1555336,996.6978196351
1555436,996.6980319345
1555536,996.6982442065
1555636,996.6984564513
1555737,996.6980280086
1555837,996.6982402398
1555937,996.6984524438
1556038,996.6980240842
1556138,996.6982362747
1556238,996.6984484378
1556339,996.6980201614
1556439,996.6982323111
1556539,996.6984444335
1556640,996.6980162401
1556740,996.698228349
1556840,996.6984404306
1556940,996.698652485
1557041,996.6982243884
1557141,996.6984364293
1557241,996.698648443
1557342,996.6982204294
1557442,996.6984324296
1557542,996.6986444025
1557643,996.6982164719
1557743,996.6984284314
1557843,996.6986403636
1557943,996.6988522687
1558044,996.6984244347
1558144,996.6986363263
1558244,996.6988481907
1558345,996.6984204396
1558445,996.6986322905
1558545,996.6988441142
1558646,996.6984164461
1558746,996.6986282563
1558846,996.6988400394
1558947,996.698412454
1559047,996.6986242236
1559147,996.6988359661
1559247,996.6990476813
1559348,996.6986201925
1559448,996.6988318944
1559548,996.699043569
1559649,996.698616163
1559749,996.6988278242
1559849,996.6990394583
1559950,996.698612135
1560050,996.6988237556
1560150,996.6990353492
1560250,996.6992469156
1560351,996.6988196886
1560451,996.6990312416
1560551,996.6992427675
1560652,996.6988156232
1560752,996.6990271356
1560852,996.699238621
1560952,996.6994500792
1561053,996.6990230312
1561153,996.6992344761
1561253,996.6994458938
1561354,996.6990189284
1561454,996.6992303328
1561554,996.69944171
1561655,996.6990148272
1561755,996.699226191
1561855,996.6994375278
1561956,996.6990107276
1562056,996.6992220509
1562156,996.6994333472
1562256,996.6996446165
1562357,996.6992179124
1562457,996.6994291683
1562557,996.6996403971
1562658,996.6992137755
1562758,996.6994249909
1562858,996.6996361794
1562959,996.6992096402
1563059,996.6994208152
1563159,996.6996319632
1563260,996.6992055064
1563360,996.6994166411
1563460,996.6996277487
1563560,996.6998388293
1563661,996.6994124686
1563761,996.6996235358
1563861,996.6998345761
1563962,996.6994082976
1564062,996.6996193246
1564162,996.6998303245
1564263,996.6994041283
1564363,996.6996151149
1564463,996.6998260745
1564564,996.6993999606
1564664,996.6996109069
1564764,996.6998218262
1564864,996.7000327185
1564965,996.6996067005
1565065,996.6998175795
1565165,996.7000284315
1565266,996.6996024957
1565366,996.6998133344
1565466,996.7000241462
1565567,996.6995982925
1565667,996.699809091
1565767,996.7000198625
1565868,996.6995940909
1565968,996.6998048491
1566068,996.7000155804
1566169,996.699589891
1566269,996.699800609
1566369,996.7000113
1566469,996.7002219642
1566570,996.6997963704
1566670,996.7000070213
1566770,996.7002176452
1566871,996.6997921335
1566971,996.7000027441
1567071,996.7002133279
1567172,996.6997878982
1567272,996.6999984687
1567372,996.7002090123
1567473,996.6997836645
1567573,996.6999941948
1567673,996.7002046983
1567773,996.7004151749
1567874,996.6999899227
1567974,996.700200386
1568074,996.7004108224
1568175,996.6999856521
1568275,996.7001960753
1568375,996.7004064717
1568476,996.6999813832
1568576,996.7001917663
1568676,996.7004021226
1568777,996.6999771159
1568877,996.7001874589
1568977,996.7003977751
1569077,996.7006080645
1569178,996.7001831532
1569278,996.7003934293
1569378,996.7006036787
1569479,996.7001788492
1569579,996.7003890852
1569679,996.7005992945
1569780,996.7001745468
1569880,996.7003847428
1569980,996.700594912
1570080,996.7008050545
1570181,996.700380402
1570281,996.7005905312
1570381,996.7008006337
1570482,996.7003760629
1570582,996.7005861521
1570682,996.7007962146
1570783,996.7003717254
1570883,996.7005817747
1570983,996.7007917972
1571083,996.701001793
1571184,996.700577399
1571284,996.7007873815
1571384,996.7009973374
1571485,996.7005730249
1571585,996.7007829675
1571685,996.7009928834
1571785,996.7012027726
1571886,996.7007785552
1571986,996.7009884312
1572086,996.7011982805
1572187,996.7007741446
1572287,996.7009839807
1572387,996.7011937901
1572487,996.7014035728
1572588,996.7009795318
1572688,996.7011893014
1572788,996.7013990442
1572888,996.7016087604
1572989,996.7011848144
1573089,996.7013945174
1573189,996.7016041938
1573289,996.7018138435
1573390,996.7013899923
1573490,996.7015996289
1573590,996.7018092387
1573690,996.702018822
1573791,996.7015950657
1573891,996.7018046358
1573991,996.7020141792
1574092,996.7015905042
1574192,996.7018000346
1574292,996.7020095383
1574392,996.7022190153
1574493,996.7017954351
1574593,996.702004899
1574693,996.7022143364
1574794,996.7017908374
1574894,996.7020002616
1574994,996.7022096592
1575095,996.7017862415
1575195,996.7019956259
1575295,996.7022049838
1575396,996.7017816473
1575496,996.701990992
1575596,996.7022003102
1575696,996.7024096019
1575797,996.7019863599
1575897,996.7021956384
1575997,996.7024048904
1576098,996.7019817296
1576198,996.7021909684
1576298,996.7024001807
1576399,996.701977101
1576499,996.7021863002
1576599,996.7023954728
1576699,996.7026046189
1576799,996.7028137385
1576900,996.7023907667
1577000,996.7025998732
1577100,996.7028089531
1577200,996.7030180066
1577300,996.7032270335
1577401,996.7028041696
1577501,996.7030131835
1577601,996.7032221709
1577702,996.702799388
1577802,996.7030083623
1577902,996.7032173101
1578002,996.7034262314
1578103,996.7030035429
1578203,996.7032124511
1578303,996.7034213329
1578403,996.7036301882
1578504,996.703207594
1578604,996.7034164363
1578704,996.7036252521
1578804,996.7038340415
1578904,996.7040428044
1579005,996.7036203179
1579105,996.7038290677
1579205,996.7040377912
1579306,996.7036153855
1579406,996.7038240959
1579506,996.7040327799
1579607,996.703610455
1579707,996.703819126
1579807,996.7040277705
1579908,996.7036055264
1580008,996.7038141579
1580108,996.704022763
1580209,996.7036005997
1580309,996.7038091917
1580409,996.7040177574
1580509,996.7042262967
1580610,996.7038042275
1580710,996.7040127538
1580810,996.7042212537
1580910,996.7044297272
1581011,996.704007752
1581111,996.7042162125
1581211,996.7044246467
1581312,996.7040027521
1581412,996.7042111733
1581512,996.7044195681
1581613,996.7039977542
1581713,996.704206136
1581813,996.7044144915
1581914,996.7039927581
1582014,996.7042011006
1582114,996.7044094168
1582214,996.7046177066
1582315,996.7041960672
1582415,996.704404344
1582515,996.7046125945
1582616,996.7041910356
1582716,996.7043992731
1582816,996.7046074844
1582917,996.704186006
1583017,996.7043942042
1583117,996.7046023762
1583218,996.7041809782
1583318,996.7043891372
1583418,996.70459727
1583519,996.7041759524
1583619,996.7043840722
1583719,996.7045921657
1583819,996.7048002329
1583920,996.704379009
1584020,996.7045870633
1584120,996.7047950913
1584221,996.7043739478
1584321,996.7045819629
1584421,996.7047899517
1584522,996.7043688885
1584622,996.7045768644
1584722,996.704784814
1584823,996.7043638312
1584923,996.7045717678
1585023,996.7047796783
1585123,996.7049875625
1585224,996.7045666732
1585324,996.7047745445
1585424,996.7049823896
1585525,996.7045615805
1585625,996.7047694127
1585725,996.7049772186
1585826,996.7045564898
1585926,996.7047642828
1586026,996.7049720496
1586127,996.704551401
1586227,996.7047591549
1586327,996.7049668826
1586428,996.7045463141
1586528,996.7047540289
1586628,996.7049617176
1586729,996.7045412292
1586829,996.7047489049
1586929,996.7049565545
1587030,996.7045361461
1587130,996.7047437828
1587230,996.7049513933
1587331,996.704531065
1587431,996.7047386627
1587531,996.7049462341
1587631,996.7051537794
1587732,996.7047335445
1587832,996.7049410769
1587932,996.7051485832
1588033,996.7047284282
1588133,996.7049359216
1588233,996.7051433889
1588334,996.7047233139
1588434,996.7049307683
1588534,996.7051381966
1588634,996.7053455988
1588735,996.7049256169
1588835,996.7051330063
1588935,996.7053403695
1589036,996.7049204675
1589136,996.7051278179
1589236,996.7053351422
1589337,996.70491532
1589437,996.7051226315
1589537,996.7053299168
1589637,996.7055371761
1589738,996.705117447
1589838,996.7053246935
1589938,996.7055319138
1590038,996.7057391081
1590139,996.7053194721
1590239,996.7055266535
1590339,996.705733809
1590439,996.7059409383
1590540,996.7055213953
1590640,996.7057285118
1590740,996.7059356023
1590841,996.7055161389
1590941,996.7057232166
1591041,996.7059302683
1591141,996.7061372939
1591242,996.7057179235
1591342,996.7059249363
1591442,996.7061319231
1591542,996.7063388839
1591643,996.7059196063
1591743,996.7061265544
1591843,996.7063334764
1591944,996.7059142784
1592044,996.7061211876
1592144,996.7063280708
1592245,996.7059089525
1592345,996.7061158229
1592445,996.7063226673
1592546,996.7059036285
1592646,996.7061104602
1592746,996.7063172659
1592847,996.7058983066
1592947,996.7061050995
1593047,996.7063118665
1593148,996.7058929867
1593248,996.7060997409
1593348,996.7063064691
1593449,996.7058876688
1593549,996.7060943843
1593649,996.7063010738
1593749,996.7065077374
1593850,996.7060890297
1593950,996.7062956805
1594050,996.7065023054
1594151,996.7060836771
1594251,996.7062902893
1594351,996.7064968755
1594452,996.7060783266
1594552,996.7062849001
1594652,996.7064914477
1594753,996.7060729781
1594853,996.7062795129
1594953,996.7064860218
1595054,996.7060676316
1595154,996.7062741278
1595254,996.7064805981
1595355,996.7060622871
1595455,996.7062687447
1595555,996.7064751764
1595656,996.7060569446
1595756,996.7062633636
1595856,996.7064697567
1595956,996.7066761239
1596057,996.7062579845
1596157,996.706464339
1596257,996.7066706677
1596358,996.7062526075
1596458,996.7064589234
1596558,996.7066652135
1596659,996.7062472325
1596759,996.7064535099
1596859,996.7066597614
1596959,996.7068659872
1597060,996.7064480984
1597160,996.7066543114
1597260,996.7068604986
1597361,996.7064426889
1597461,996.7066488634
1597561,996.7068550121
1597662,996.7064372815
1597762,996.7066434175
1597862,996.7068495277
1597963,996.7064318761
1598063,996.7066379736
1598163,996.7068440453
1598264,996.7064264727
1598364,996.7066325318
1598464,996.706838565
1598565,996.7064210714
1598665,996.706627092
1598765,996.7068330868
1598865,996.7070390558
1598966,996.7066216542
1599066,996.7068276106
1599166,996.7070335412
1599267,996.7066162186
1599367,996.7068221365
1599467,996.7070280287
1599568,996.7066107849
1599668,996.7068166645
1599768,996.7070225183
1599869,996.7066053533
1599969,996.7068111945
1600069,996.7070170099
1600170,996.7065999238
1600270,996.7068057265
1600370,996.7070115036
1600470,996.7072172549
1600571,996.7068002607
1600671,996.7070059994
1600771,996.7072117124
1600872,996.7067947968
1600972,996.7070004972
1601072,996.7072061719
1601173,996.7067893351
1601273,996.7069949971
1601373,996.7072006335
1601474,996.7067838754
1601574,996.7069894991
1601674,996.7071950971
1601774,996.7074006695
1601875,996.7069840031
1601975,996.7071895629
1602075,996.707395097
1602176,996.7069785092
1602276,996.7071840307
1602376,996.7073895266
1602477,996.7069730174
1602577,996.7071785006
1602677,996.7073839582
1602777,996.7075893902
1602878,996.7071729726
1602978,996.707378392
1603078,996.7075837857
1603179,996.7071674467
1603279,996.7073728278
1603379,996.7075781833
1603480,996.7071619228
1603580,996.7073672657
1603680,996.7075725831
1603781,996.707156401
1603881,996.7073617058
1603981,996.7075669849
1604081,996.7077722384
1604182,996.7073561479
1604282,996.7075613888
1604382,996.7077666042
1604483,996.7073505921
1604583,996.7075557949
1604683,996.7077609721
1604784,996.7073450383
1604884,996.707550203
1604984,996.7077553421
1605084,996.7079604557
1605185,996.7075446132
1605285,996.7077497142
1605385,996.7079547897
1605486,996.7075390256
1605586,996.7077440885
1605686,996.7079491258
1605787,996.70753344
1605887,996.7077384648
1605987,996.7079434641
1606088,996.7075278565
1606188,996.7077328432
1606288,996.7079378044
1606389,996.7075222751
1606489,996.7077272238
1606589,996.7079321469
1606690,996.7075166958
1606790,996.7077216064
1606890,996.7079264915
1606991,996.7075111186
1607091,996.7077159912
1607191,996.7079208383
1607291,996.7081256599
1607392,996.7077103781
1607492,996.7079151871
1607592,996.7081199707
1607693,996.707704767
1607793,996.7079095381
1607893,996.7081142837
1607994,996.7076991581
1608094,996.7079038912
1608194,996.7081085988
1608295,996.7076935512
1608395,996.7078982464
1608495,996.7081029161
1608595,996.7083075603
1608696,996.7078926037
1608796,996.7080972354
1608896,996.7083018418
1608997,996.7078869631
1609097,996.7080915569
1609197,996.7082961253
1609298,996.7078813247
1609398,996.7080858806
1609498,996.708290411
1609599,996.7078756883
1609699,996.7080802063
1609799,996.7082846989
1609900,996.707870054
1610000,996.7080745342
1610100,996.7082789889
1610200,996.7084834182
1610301,996.7080688641
1610405,996.7057976099
1610505,996.7060021546
1610606,996.7055878346
1610706,996.7057923668
1610807,996.7053781117
1610907,996.7055826314
1611007,996.7057871257
1611108,996.7053729483
1611208,996.7055774301
1611308,996.7057818865
1611409,996.7053677868
1611509,996.7055722307
1611609,996.7057766493
1611710,996.7053626273
1611810,996.7055670333
1611910,996.705771414
1612011,996.7053574696
1612111,996.7055618379
1612211,996.7057661807
1612312,996.7053523139
1612412,996.7055566443
1612512,996.7057609494
1612613,996.7053471602
1612713,996.7055514527
1612814,996.7051377282
1612914,996.7053420083
1613014,996.7055462631
1613115,996.7051326161
1613215,996.7053368584
1613315,996.7055410754
1613416,996.7051275059
1613516,996.7053317104
1613616,996.7055358896
1613717,996.7051223975
1613817,996.7053265643
1613918,996.7049131369
1614018,996.7051172911
1614118,996.7053214201
1614219,996.7049080701
1614319,996.7051121866
1614420,996.7046989012
1614520,996.7049030052
1614620,996.705107084
1614720,996.7053111375
1614821,996.7048979422
1614921,996.7051019833
1615021,996.7053059991
1615122,996.7048928812
1615222,996.7050968845
1615322,996.7053008626
1615423,996.704887822
1615523,996.7050917876
1615623,996.705295728
1615723,996.7054996432
1615824,996.7050866926
1615924,996.7052905954
1616024,996.7054944729
1616125,996.7050815995
1616225,996.7052854646
1616325,996.7054893044
1616426,996.7050765083
1616526,996.7052803357
1616626,996.705484138
1616727,996.705071419
1616827,996.7052752088
1616927,996.7054789734
1617027,996.7056827128
1617128,996.7052700838
1617228,996.7054738107
1617328,996.7056775125
1617429,996.7052649606
1617529,996.70546865
1617629,996.7056723142
1617730,996.7052598394
1617830,996.7054634912
1617930,996.7056671179
1618030,996.7058707193
1618131,996.7054583343
1618231,996.7056619234
1618331,996.7058654873
1618432,996.7054531794
1618532,996.7056567309
1618632,996.7058602573
1618733,996.7054480263
1618833,996.7056515403
1618933,996.7058550292
1619034,996.7054428752
1619134,996.7056463517
1619234,996.7058498031
1619334,996.7060532293
1619435,996.705641165
1619535,996.7058445788
1619635,996.7060479676
1619736,996.7056359802
1619836,996.7058393566
1619936,996.7060427079
1620037,996.7056307973
1620137,996.7058341362
1620237,996.7060374501
1620337,996.7062407388
1620438,996.7058289179
1620538,996.7060321942
1620638,996.7062354455
1620739,996.7058237014
1620839,996.7060269404
1620939,996.7062301543
1621040,996.7058184869
1621140,996.7060216884
1621240,996.7062248649
1621341,996.7058132743
1621441,996.7060164385
1621541,996.7062195776
1621641,996.7064226916
1621742,996.7060111904
1621842,996.7062142921
1621942,996.7064173688
1622043,996.7060059444
1622143,996.7062090087
1622243,996.706412048
1622344,996.7060007002
1622444,996.7062037272
1622544,996.7064067292
1622645,996.705995458
1622745,996.7061984477
1622845,996.7064014123
1622946,996.7059902178
1623046,996.7061931701
1623146,996.7063960975
1623247,996.7059849795
1623347,996.7061878945
1623447,996.7063907845
1623547,996.7065936496
1623648,996.7061826209
1623748,996.7063854736
1623848,996.7065883014
1623948,996.7067911041
1624049,996.7063801646
1624149,996.7065829551
1624250,996.7061720794
1624350,996.7063748576
1624450,996.7065776109
1624551,996.7061668116
1624651,996.7063695526
1624751,996.7065722686
1624851,996.7067749597
1624952,996.7063642495
1625052,996.7065669283
1625152,996.7067695822
1625253,996.7063589484
1625353,996.70656159
1625453,996.7067642067
1625553,996.7069667984
1625654,996.7065562537
1625754,996.7067588331
1625854,996.7069613877
1625955,996.7065509193
1626055,996.7067534616
1626155,996.706955979
1626256,996.7065455869
1626356,996.7067480921
1626456,996.7069505723
1626556,996.7071530276
1626657,996.7067427245
1626757,996.7069451676
1626857,996.7071475858
1626958,996.7067373589
1627058,996.7069397649
1627158,996.707142146
1627259,996.7067319953
1627359,996.7069343642
1627459,996.7071367082
1627560,996.7067266337
1627660,996.7069289655
1627760,996.7071312724
1627861,996.7067212741
1627961,996.7069235688
1628061,996.7071258387
1628161,996.7073280836
1628262,996.7069181741
1628362,996.7071204069
1628462,996.7073226148
1628563,996.7069127814
1628663,996.7071149771
1628763,996.707317148
1628864,996.7069073907
1628964,996.7071095494
1629064,996.7073116833
1629164,996.7075137924
1629265,996.7071041236
1629365,996.7073062205
1629465,996.7075082926
1629566,996.7070986999
1629666,996.7073007598
1629766,996.7075027949
1629867,996.7070932782
1629967,996.7072953011
1630067,996.7074972992
1630167,996.7076992725
1630268,996.7072898444
1630368,996.7074918055
1630468,996.7076937419
1630569,996.7072843897
1630669,996.7074863139
1630769,996.7076882134
1630870,996.707278937
1630970,996.7074808243
1631070,996.7076826868
1631170,996.7078845246
1631271,996.7074753367
1631371,996.7076771623
1631471,996.7078789632
1631572,996.7074698512
1631672,996.7076716399
1631772,996.7078734039
1631872,996.7080751431
1631973,996.7076661195
1632073,996.7078678466
1632173,996.708069549
1632274,996.7076606011
1632374,996.7078622914
1632474,996.7080639569
1632575,996.7076550848
1632675,996.7078567382
1632775,996.7080583669
1632876,996.7076495705
1632976,996.707851187
1633076,996.7080527789
1633177,996.7076440582
1633277,996.7078456379
1633377,996.708047193
1633477,996.7082487234
1633578,996.7078400909
1633678,996.7080416092
1633778,996.7082431028
1633879,996.7078345459
1633979,996.7080360274
1634079,996.7082374842
1634180,996.7078290029
1634280,996.7080304477
1634380,996.7082318677
1634481,996.707823462
1634581,996.70802487
1634681,996.7082262533
1634782,996.7078179231
1634882,996.7080192944
1634982,996.708220641
1635083,996.7078123863
1635183,996.7080137208
1635283,996.7082150307
1635383,996.7084163159
1635484,996.7080081493
1635584,996.7082094224
1635684,996.708410671
1635785,996.7080025798
1635885,996.7082038163
1635985,996.7084050282
1636086,996.7079970124
1636186,996.7081982122
1636286,996.7083993874
1636387,996.707991447
1636487,996.7081926101
1636587,996.7083937487
1636688,996.7079858837
1636788,996.7081870102
1636888,996.7083881121
1636989,996.7079803224
1637089,996.7081814123
1637189,996.7083824775
1637290,996.7079747632
1637390,996.7081758164
1637490,996.7083768451
1637590,996.7085778492
1637691,996.7081702226
1637791,996.7083712146
1637891,996.7085721822
1637992,996.7081646308
1638092,996.7083655863
1638192,996.7085665172
1638293,996.7081590411
1638393,996.70835996
1638493,996.7085608544
1638594,996.7081534535
1638694,996.7083543358
1638794,996.7085551936
1638895,996.7081478679
1638995,996.7083487137
1639095,996.708549535
1639196,996.7081422844
1639296,996.7083430936
1639396,996.7085438784
1639497,996.7081367029
1639597,996.7083374756
1639697,996.7085382238
1639797,996.7087389476
1639898,996.7083318597
1639998,996.7085325714
1640098,996.7087332586
1640199,996.7083262458
1640299,996.708526921
1640399,996.7087275718
1640499,996.7089281981
1640600,996.7085212727
1640700,996.708721887
1640800,996.7089224768
1640901,996.7085156265
1641001,996.7087162043
1641101,996.7089167577
1641202,996.7085099823
1641302,996.7087105237
1641402,996.7089110407
1641503,996.7085043402
1641603,996.7087048452
1641703,996.7089053258
1641804,996.7084987002
1641904,996.7086991688
1642004,996.7088996129
1642105,996.7084930623
1642205,996.7086934944
1642305,996.7088939022
1642405,996.7090942855
1642506,996.7086878221
1642606,996.7088881935
1642706,996.7090885405
1642807,996.708682152
1642907,996.708882487
1643007,996.7090827976
1643108,996.7086764838
1643208,996.7088767825
1643308,996.7090770568
1643409,996.7086708178
1643509,996.7088710801
1643609,996.7090713181
1643710,996.7086651538
1643810,996.7088653798
1643910,996.7090655814
1644011,996.7086594919
1644111,996.7088596816
1644211,996.7090598469
1644311,996.7092599879
1644412,996.7088539855
1644512,996.7090541145
1644612,996.7092542192
1644713,996.7088482915
1644813,996.7090483842
1644913,996.7092484527
1645014,996.7088425995
1645114,996.709042656
1645214,996.7092426882
1645315,996.7088369097
1645415,996.7090369299
1645515,996.7092369258
1645615,996.7094368975
1645716,996.7090312059
1645816,996.7092311656
1645916,996.709431101
1646017,996.7090254839
1646117,996.7092254074
1646217,996.7094253066
1646317,996.7096251815
1646418,996.7092196514
1646518,996.7094195144
1646618,996.7096193531
1646719,996.7092138975
1646819,996.7094137243
1646919,996.7096135268
1647020,996.7092081456
1647120,996.7094079363
1647220,996.7096077027
1647321,996.7092023959
1647421,996.7094021504
1647521,996.7096018806
1647622,996.7091966483
1647722,996.7093963666
1647822,996.7095960607
1647922,996.7097957306
1648023,996.709390585
1648123,996.709590243
1648223,996.7097898767
1648324,996.7093848054
1648424,996.7095844273
1648524,996.709784025
1648625,996.709379028
1648725,996.7095786138
1648825,996.7097781754
1648926,996.7093732527
1649026,996.7095728024
1649126,996.7097723279
1649227,996.7093674794
1649327,996.7095669931
1649427,996.7097664825
1649528,996.7093617083
1649628,996.7095611859
1649728,996.7097606393
1649828,996.7099600686
1649929,996.7095553809
1650029,996.7097547982
1650129,996.7099541915
1650230,996.7095495779
1650330,996.7097489593
1650430,996.7099483165
1650531,996.7095437771
1650631,996.7097431225
1650731,996.7099424437
1650831,996.7101417407
1650932,996.7097372878
1651032,996.709936573
1651132,996.7101358341
1651233,996.7097314552
1651333,996.7099307045
1651433,996.7101299296
1651534,996.7097256248
1651634,996.7099248381
1651734,996.7101240272
1651835,996.7097197965
1651935,996.7099189738
1652035,996.710118127
1652136,996.7097139703
1652236,996.7099131117
1652336,996.710112229
1652437,996.7097081462
1652537,996.7099072517
1652637,996.7101063331
1652737,996.7103053904
1652838,996.7099013938
1652938,996.7101004393
1653038,996.7102994608
1653139,996.7098955381
1653239,996.7100945477
1653339,996.7102935333
1653440,996.7098896845
1653540,996.7100886583
1653640,996.7102876079
1653741,996.7098838331
1653841,996.710082771
1653941,996.7102816848
1654042,996.7098779838
1654142,996.7100768858
1654242,996.7102757638
1654342,996.7104746177
1654443,996.7100710027
1654543,996.7102698449
1654643,996.710468663
1654744,996.7100651219
1654844,996.7102639282
1654944,996.7104627105
1655045,996.7100592431
1655145,996.7102580136
1655245,996.7104567602
1655345,996.7106554827
1655446,996.7102521012
1655546,996.710450812
1655646,996.7106494987
1655747,996.710246191
1655847,996.710444866
1655947,996.710643517
1656048,996.7102402829
1656148,996.7104389221
1656248,996.7106375374
1656348,996.7108361286
1656449,996.7104329804
1656549,996.7106315599
1656649,996.7108301155
1656750,996.7104270409
1656850,996.7106255847
1656950,996.7108241045
1657051,996.7104211035
1657151,996.7106196116
1657251,996.7108180958
1657352,996.7104151683
1657452,996.7106136407
1657552,996.7108120892
1657653,996.7104092352
1657753,996.710607672
1657853,996.7108060847
1657953,996.7110044736
1658054,996.7106017054
1658154,996.7108000825
1658254,996.7109984357
1658355,996.710595741
1658455,996.7107940824
1658555,996.7109924
1658656,996.7105897787
1658756,996.7107880846
1658856,996.7109863665
1658957,996.7105838186
1659057,996.7107820889
1659157,996.7109803352
1659258,996.7105778607
1659358,996.7107760953
1659458,996.7109743061
1659559,996.7105719049
1659659,996.710770104
1659759,996.7109682791
1659859,996.7111664304
1659960,996.7107641148
1660060,996.7109622544
1660160,996.7111603701
1660261,996.7107581278
1660361,996.7109562318
1660461,996.711154312
1660562,996.710752143
1660662,996.7109502114
1660762,996.711148256
1660863,996.7107461603
1660963,996.7109441932
1661063,996.7111422023
1661163,996.7113401876
1661264,996.7109381772
1661364,996.7111361508
1661464,996.7113341005
1661565,996.7109321634
1661665,996.7111301014
1661765,996.7113280157
1661865,996.7115259061
1661966,996.7111240543
1662066,996.7113219331
1662166,996.711519788
1662267,996.7111180093
1662367,996.7113158526
1662467,996.7115136722
1662568,996.7111119665
1662668,996.7113097744
1662768,996.7115075585
1662869,996.711105926
1662969,996.7113036984
1663069,996.711501447
1663170,996.7110998876
1663270,996.7112976246
1663370,996.7114953378
1663470,996.7116930272
1663571,996.7112915529
1663671,996.7114892307
1663771,996.7116868848
1663872,996.7112854835
1663972,996.7114831259
1664072,996.7116807446
1664173,996.7112794163
1664273,996.7114770233
1664373,996.7116746066
1664474,996.7112733512
1664574,996.7114709229
1664674,996.7116684708
1664775,996.7112672884
1664875,996.7114648247
1664975,996.7116623373
1665075,996.7118598261
1665176,996.7114587287
1665276,996.7116562059
1665376,996.7118536595
1665477,996.7114526349
1665577,996.7116500768
1665677,996.711847495
1665778,996.7114465433
1665878,996.7116439499
1665978,996.7118413328
1666079,996.7114404539
1666179,996.7116378252
1666279,996.7118351729
1666379,996.7120324968
1666480,996.7116317028
1666580,996.7118290151
1666680,996.7120263038
1666781,996.7116255825
1666881,996.7118228596
1666981,996.712020113
1667082,996.7116194644
1667182,996.7118167063
1667282,996.7120139245
1667383,996.7116133486
1667483,996.7118105552
1667583,996.7120077381
1667683,996.7122048975
1667784,996.7118044063
1667884,996.7120015541
1667984,996.7121986782
1668085,996.7117982597
1668185,996.7119953722
1668285,996.7121924611
1668386,996.7117921153
1668486,996.7119891926
1668586,996.7121862463
1668686,996.7123832764
1668787,996.7119830152
1668887,996.7121800338
1668987,996.7123770287
1669088,996.71197684
1669188,996.7121738234
1669288,996.7123707832
1669389,996.7119706671
1669489,996.7121676154
1669589,996.71236454
1669689,996.7125614411
1669790,996.7121614095
1669890,996.7123582991
1669990,996.712555165
1670090,996.7127520074
1670191,996.7123520603
1670291,996.7125488912
1670391,996.7127456985
1670492,996.7123458239
1670592,996.7125426196
1670692,996.7127393918
1670792,996.7129361405
1670893,996.7125363503
1670993,996.7127330875
1671093,996.712929801
1671194,996.7125300833
1671294,996.7127267854
1671394,996.7129234639
1671494,996.7131201189
1671595,996.7127204855
1671695,996.712917129
1671795,996.713113749
1671896,996.712714188
1671996,996.7129107964
1672096,996.7131073814
1672197,996.7127078927
1672297,996.7129044661
1672397,996.7131010161
1672497,996.7132975425
1672598,996.7128981381
1672698,996.7130946531
1672798,996.7132911445
1672899,996.7128918124
1672999,996.7130882923
1673099,996.7132847488
1673200,996.7128854889
1673300,996.7130819339
1673400,996.7132783554
1673500,996.7134747535
1673601,996.7130755778
1673701,996.7132719643
1673801,996.7134683275
1673902,996.7130692239
1674002,996.7132655755
1674102,996.7134619038
1674203,996.7130628723
1674303,996.713259189
1674403,996.7134554823
1674503,996.7136517522
1674604,996.7132528048
1674704,996.7134490632
1674804,996.7136452982
1674905,996.7132464229
1675005,996.7134426464
1675105,996.7136388465
1675205,996.7138350232
1675306,996.7134362319
1675406,996.7136323972
1675506,996.713828539
1675607,996.7134298198
1675707,996.7136259501
1675807,996.7138220571
1675907,996.7140181406
1676008,996.7136195054
1676108,996.7138155775
1676208,996.7140116262
1676309,996.713613063
1676409,996.7138091003
1676509,996.7140051142
1676609,996.7142011047
1676710,996.7138026254
1676810,996.7139986045
1676910,996.7141945602
1677010,996.7143904926
1677111,996.7139920971
1677211,996.7141880181
1677311,996.7143839157
1677412,996.7139855921
1677512,996.7141814783
1677612,996.7143773411
1677712,996.7145731806
1677813,996.7141749408
1677913,996.7143707689
1678013,996.7145665737
1678114,996.7141684057
1678214,996.7143641991
1678314,996.7145599691
1678414,996.7147557158
1678515,996.7143576316
1678615,996.7145533669
1678715,996.7147490789
1678815,996.7149447676
1678916,996.7145467671
1679016,996.7147424444
1679116,996.7149380984
1679217,996.7145401696
1679317,996.7147358122
1679417,996.7149314316
1679518,996.7145335745
1679618,996.7147291825
1679718,996.7149247671
1679818,996.7151203285
1679919,996.7147225551
1680019,996.7149181051
1680119,996.7151136318
1680219,996.7153091353
1680320,996.7149114454
1680420,996.7151069376
1680520,996.7153024064
1680621,996.7149047882
1680721,996.7151002457
1680821,996.7152956799
1680921,996.7154910909
1681022,996.7150935562
1681122,996.7152889558
1681222,996.7154843322
1681323,996.7150868691
1681423,996.7152822342
1681523,996.715477576
1681623,996.7156728946
1681724,996.7152755149
1681824,996.7154708222
1681924,996.7156661062
1682025,996.715268798
1682125,996.7154640707
1682225,996.7156593202
1682325,996.7158545465
1682426,996.7154573217
1682526,996.7156525367
1682626,996.7158477285
1682727,996.7154505752
1682827,996.7156457556
1682927,996.7158409129
1683027,996.716036047
1683128,996.715638977
1683228,996.7158340997
1683328,996.7160291993
1683428,996.7162242757
1683529,996.715827289
1683629,996.7160223541
1683729,996.716217396
1683830,996.7158204807
1683930,996.7160155113
1684030,996.7162105188
1684131,996.7158136748
1684231,996.716008671
1684331,996.7162036441
1684431,996.7163985939
1684532,996.7160018332
1684632,996.7161967718
1684732,996.7163916872
1684833,996.7159949977
1684933,996.7161899019
1685033,996.716384783
1685133,996.7165796409
1685234,996.7161830345
1685334,996.7163778812
1685434,996.7165727047
1685534,996.7167675051
1685635,996.7163709819
1685735,996.716565771
1685835,996.7167605371
1685936,996.716364085
1686036,996.7165588398
1686136,996.7167535715
1686236,996.7169482801
1686337,996.716551911
1686437,996.7167466084
1686537,996.7169412826
1686638,996.7165449848
1686738,996.7167396478
1686838,996.7169342877
1686938,996.7171289046
1687039,996.7167326896
1687139,996.7169272953
1687239,996.7171218778
1687340,996.716725734
1687440,996.7169203053
1687540,996.7171148536
1687640,996.7173093788
1687741,996.7169133179
1687841,996.7171078318
1687941,996.7173023228
1688042,996.7169063329
1688142,996.7171008126
1688242,996.7172952693
1688342,996.7174897029
1688443,996.7170937959
1688543,996.7172882183
1688643,996.7174826177
1688744,996.7170867817
1688844,996.7172811698
1688944,996.717475535
1689044,996.7176698772
1689145,996.7172741239
1689245,996.7174684548
1689345,996.7176627628
1689446,996.7172670805
1689546,996.7174613772
1689646,996.7176556509
1689746,996.7178499017
1689847,996.7174543021
1689947,996.7176485416
1690047,996.7178427582
1690148,996.7174472295
1690248,996.7176414349
1690348,996.7178356173
1690448,996.7180297767
1690549,996.7176343306
1690649,996.7178284789
1690749,996.7180226042
1690849,996.7182167065
1690950,996.717821343
1691050,996.7180154342
1691150,996.7182095024
1691251,996.7178142097
1691351,996.7180082668
1691451,996.7182023009
1691551,996.718396312
1691652,996.7180011019
1691752,996.7181951019
1691852,996.718389079
1691953,996.7179939395
1692053,996.7181879055
1692153,996.7183818485
1692254,996.7179867798
1692354,996.7181807116
1692454,996.7183746205
1692554,996.7185685065
1692655,996.7181735203
1692755,996.7183673952
1692855,996.7185612471
1692956,996.7181663316
1693056,996.7183601724
1693156,996.7185539903
1693256,996.7187477853
1693357,996.7183529522
1693457,996.7185467361
1693557,996.7187404971
1693658,996.7183457345
1693758,996.7185394844
1693858,996.7187332114
1693959,996.7183385194
1694059,996.7185322353
1694159,996.7187259283
1694260,996.7183313069
1694360,996.7185249888
1694460,996.7187186478
1694560,996.718912284
1694661,996.7185177448
1694761,996.7187113699
1694861,996.7189049721
1694962,996.7185105035
1695062,996.7187040946
1695162,996.7188976629
1695263,996.7185032647
1695363,996.7186968219
1695463,996.7188903562
1695564,996.7184960285
1695664,996.7186895517
1695764,996.7188830521
1695865,996.7184887948
1695965,996.7186822841
1696065,996.7188757506
1696166,996.7184815637
1696266,996.7186750191
1696366,996.7188684517
1696466,996.7190618615
1696567,996.7186677567
1696667,996.7188611554
1696767,996.7190545314
1696868,996.7186604969
1696968,996.7188538617
1697068,996.7190472038
1697169,996.7186532396
1697269,996.7188465706
1697369,996.7190398788
1697469,996.7192331642
1697570,996.718839282
1697670,996.7190325564
1697770,996.719225808
1697871,996.7188319961
1697971,996.7190252366
1698071,996.7192184544
1698171,996.7194116494
1698272,996.7190179194
1698372,996.7192111033
1698472,996.7194042645
1698573,996.7190106048
1698673,996.7192037549
1698773,996.7193968823
1698873,996.719589987
1698974,996.7191964091
1699074,996.7193895028
1699174,996.7195825737
1699275,996.7191890659
1699375,996.7193821258
1699475,996.7195751629
1699576,996.7191817253
1699676,996.7193747514
1699776,996.7195677548
1699877,996.7191743873
1699977,996.7193673797
1700077,996.7195603493
1700177,996.7197532963
1700278,996.7193600105
1700378,996.7195529465
1700478,996.7197458597
1700579,996.719352644
1700679,996.7195455462
1700779,996.7197384257
1700880,996.7193452801
1700980,996.7195381486
1701080,996.7197309944
1701180,996.7199238176
1701281,996.7195307536
1701381,996.7197235657
1701481,996.7199163552
1701581,996.720109122
1701682,996.7197161397
1701782,996.7199088955
1701882,996.7201016287
1701983,996.7197087162
1702083,996.7199014384
1702183,996.7200941379
1702284,996.7197012954
1702384,996.719893984
1702484,996.7200866499
1702585,996.7196938773
1702685,996.7198865322
1702785,996.7200791644
1702885,996.7202717741
1702986,996.719879083
1703086,996.7200716816
1703186,996.7202642577
1703287,996.7198716364
1703387,996.7200642015
1703487,996.720256744
1703588,996.7198641925
1703688,996.720056724
1703788,996.7202492329
1703888,996.7204417192
1703989,996.7200492491
1704089,996.7202417245
1704189,996.7204341772
1704290,996.7200417769
1704390,996.7202342187
1704490,996.7204266379
1704591,996.7200343074
1704691,996.7202267156
1704791,996.7204191012
1704891,996.7206114643
1704992,996.7202192151
1705092,996.7204115672
1705192,996.7206038968
1705293,996.7202117173
1705393,996.7204040359
1705493,996.720596332
1705593,996.7207886055
1705694,996.7203965072
1705794,996.7205887698
1705894,996.7207810098
1705995,996.7203889812
1706095,996.7205812103
1706195,996.7207734169
1706296,996.7203814578
1706396,996.7205736535
1706496,996.7207658266
1706597,996.7203739371
1706697,996.7205660993
1706797,996.720758239
1706897,996.7209503561
1706998,996.7205585478
1707098,996.720750654
1707198,996.7209427378
1707299,996.720550999
1707399,996.7207430718
1707499,996.7209351221
1707600,996.7205434528
1707700,996.7207354922
1707800,996.7209275091
1707901,996.7205359093
1708001,996.7207279153
1708101,996.7209198988
1708201,996.7211118598
1708302,996.720720341
1708402,996.7209122911
1708502,996.7211042188
1708603,996.7207127694
1708703,996.7209046862
1708803,996.7210965805
1708904,996.7207052005
1709004,996.7208970839
1709104,996.7210889449
1709204,996.7212807833
1709305,996.7208894843
1709405,996.7210813119
1709505,996.7212731171
1709606,996.7208818874
1709706,996.7210736817
1709806,996.7212654535
1709907,996.7208742932
1710007,996.7210660541
1710107,996.7212577926
1710207,996.7214495087
1710308,996.7210584292
1710408,996.7212501345
1710508,996.7214418173
1710609,996.7210508071
1710709,996.721242479
1710809,996.7214341285
1710909,996.7216257557
1711010,996.7212348262
1711110,996.7214264425
1711210,996.7216180364
1711311,996.7212271761
1711411,996.7214187591
1711511,996.7216103198
1711612,996.7212195287
1711712,996.7214110785
1711812,996.7216026059
1711912,996.7217941109
1712013,996.7214034006
1712113,996.7215948947
1712213,996.7217863665
1712314,996.7213957253
1712414,996.7215871863
1712514,996.7217786249
1712615,996.7213880528
1712715,996.7215794805
1712815,996.7217708859
1712915,996.721962269
1713016,996.7215717775
1713116,996.7217631497
1713216,996.7219544996
1713317,996.7215640772
1713417,996.7217554162
1713517,996.7219467329
1713618,996.7215563795
1713718,996.7217476854
1713818,996.721938969
1713918,996.7221302303
1714019,996.7217399574
1714119,996.7219312078
1714219,996.7221224359
1714320,996.721732232
1714420,996.7219234493
1714520,996.7221146443
1714621,996.7217245094
1714721,996.7219156936
1714821,996.7221068555
1714921,996.7222979951
1715022,996.7219079405
1715122,996.7220990693
1715222,996.7222901758
1715323,996.7219001902
1715423,996.7220912859
1715523,996.7222823594
1715624,996.7218924426
1715724,996.7220835053
1715824,996.7222745456
1715924,996.7224655637
1716025,996.7220757273
1716125,996.7222667347
1716225,996.7224577197
1716326,996.7220679521
1716426,996.7222589264
1716526,996.7224498784
1716627,996.7220601796
1716727,996.7222511209
1716827,996.7224420399
1716928,996.7220524099
1717028,996.7222433181
1717128,996.7224342041
1717229,996.7220446429
1717329,996.7222355181
1717429,996.722426371
1717529,996.7226172018
1717630,996.7222277208
1717730,996.7224185407
1717830,996.7226093385
1717931,996.7222199262
1718031,996.7224107132
1718131,996.722601478
1718231,996.7227922206
1718332,996.7224028884
1718432,996.7225936202
1718532,996.7227843299
1718633,996.7223950663
1718733,996.7225857652
1718833,996.7227764419
1718933,996.7229670964
1719034,996.7225779129
1719134,996.7227685567
1719234,996.7229591783
1719335,996.7225700634
1719435,996.7227606743
1719535,996.722951263
1719636,996.7225622167
1719736,996.7227527946
1719836,996.7229433504
1719936,996.7231338841
1720037,996.7227449177
1720137,996.7229354406
1720237,996.7231259414
1720338,996.7227370435
1720438,996.7229275336
1720538,996.7231180015
1720639,996.7227291721
1720739,996.7229196293
1720839,996.7231100643
1720939,996.7233004772
1721040,996.7229117278
1721140,996.72310213
1721240,996.7232925101
1721341,996.7229038291
1721441,996.7230941984
1721541,996.7232845456
1721641,996.7234748708
1721742,996.7230862696
1721842,996.723276584
1721942,996.7234668764
1722043,996.7230783436
1722143,996.7232686252
1722243,996.7234588847
1722344,996.7230704203
1722444,996.7232606691
1722544,996.7234508959
1722644,996.7236411005
1722745,996.7232527159
1722845,996.7234429098
1722945,996.7236330817
1723046,996.7232447654
1723146,996.7234349266
1723246,996.7236250657
1723347,996.7232368177
1723447,996.7234269461
1723547,996.7236170525
1723647,996.7238071368
1723748,996.7234189684
1723848,996.7236090421
1723948,996.7237990937
1724048,996.7239891233
1724149,996.7236010345
1724249,996.7237910534
1724349,996.7239810502
1724450,996.7235930297
1724550,996.7237830159
1724650,996.72397298
1724750,996.7241629222
1724851,996.7237749811
1724951,996.7239649126
1725051,996.7241548221
1725152,996.7237669492
1725252,996.723956848
1725352,996.7241467248
1725453,996.7237589201
1725553,996.7239487863
1725653,996.7241386304
1725754,996.7237508938
1725854,996.7239407273
1725954,996.7241305388
1726054,996.7243203283
1726155,996.7239326712
1726255,996.72412245
1726355,996.7243122069
1726456,996.7239246178
1726556,996.7241143641
1726656,996.7243040884
1726757,996.7239165673
1726857,996.7241062809
1726957,996.7242959726
1727058,996.7239085196
1727158,996.7240982006
1727258,996.7242878597
1727359,996.7239004747
1727459,996.7240901231
1727559,996.7242797496
1727659,996.7244693542
1727760,996.7240820484
1727860,996.7242716424
1727960,996.7244612144
1728061,996.7240739766
1728161,996.7242635379
1728261,996.7244530774
1728362,996.7240659075
1728462,996.7242554363
1728562,996.7244449433
1728663,996.7240578412
1728763,996.7242473375
1728863,996.7244368119
1728964,996.7240497778
1729064,996.7242392416
1729164,996.7244286835
1729264,996.7246181034
1729365,996.7242311484
1729465,996.7244205578
1729565,996.7246099453
1729666,996.7242230581
1729766,996.724412435
1729866,996.72460179
1729967,996.7242149706
1730067,996.724404315
1730167,996.7245936375
1730268,996.7242068859
1730368,996.7243961978
1730468,996.7245854879
1730569,996.724198804
1730669,996.7243880835
1730769,996.7245773411
1730869,996.7247665768
1730970,996.7243799719
1731070,996.7245691971
1731170,996.7247584004
1731271,996.7243718632
1731371,996.724561056
1731471,996.7247502268
1731572,996.7243637573
1731672,996.7245529176
1731772,996.7247420561
1731873,996.7243556543
1731973,996.7245447822
1732073,996.7247338882
1732174,996.724347554
1732274,996.7245366495
1732374,996.7247257232
1732474,996.7249147751
1732575,996.7245285197
1732675,996.724717561
1732775,996.7249065805
1732876,996.7245203927
1732976,996.7247094016
1733076,996.7248983888
1733177,996.7245122685
1733277,996.7247012451
1733377,996.7248901999
1733478,996.7245041472
1733578,996.7246930914
1733678,996.7248820138
1733779,996.7244960286
1733879,996.7246849405
1733979,996.7248738307
1734079,996.725062699
1734180,996.7246767925
1734280,996.7248656503
1734380,996.7250544863
1734481,996.7246686473
1734581,996.7248574728
1734681,996.7250462765
1734782,996.7246605049
1734882,996.7248492981
1734982,996.7250380696
1735083,996.7246523653
1735183,996.7248411263
1735283,996.7250298654
1735384,996.7246442286
1735484,996.7248329573
1735584,996.7250216642
1735685,996.7246360947
1735785,996.7248247911
1735885,996.7250134658
1735985,996.7252021187
1736086,996.7248166277
1736186,996.7250052702
1736286,996.7251938909
1736387,996.7248084672
1736487,996.7249970774
1736587,996.7251856659
1736688,996.7248003096
1736788,996.7249888875
1736888,996.7251774438
1736988,996.7253659783
1737089,996.7249807005
1737189,996.7251692245
1737289,996.7253577269
1737390,996.7249725162
1737490,996.7251610081
1737590,996.7253494783
1737691,996.7249643349
1737791,996.7251527946
1737891,996.7253412326
1737992,996.7249561563
1738092,996.7251445838
1738192,996.7253329897
1738293,996.7249479806
1738393,996.725136376
1738493,996.7253247497
1738594,996.7249398077
1738694,996.7251281709
1738794,996.7253165125
1738894,996.7255048324
1738995,996.7251199687
1739095,996.7253082782
1739195,996.7254965659
1739296,996.7251117694
1739396,996.7253000467
1739496,996.7254883024
1739597,996.7251035728
1739697,996.7252918181
1739797,996.7254800416
1739898,996.7250953792
1739998,996.7252835923
1740098,996.7254717838
1740199,996.7250871883
1740299,996.7252753693
1740399,996.7254635288
1740500,996.7250790003
1740600,996.7252671493
1740700,996.7254552766
1740800,996.7256433824
1740901,996.725258932
1741001,996.7254470273
1741101,996.725635101
1741202,996.7252507176
1741302,996.7254387809
1741402,996.7256268225
1741503,996.725242506
1741603,996.7254305373
1741703,996.7256185469
1741804,996.7252342973
1741904,996.7254222965
1742004,996.7256102741
1742105,996.7252260914
1742205,996.7254140586
1742305,996.7256020042
1742406,996.7252178884
1742506,996.7254058236
1742606,996.7255937372
1742706,996.7257816293
1742807,996.7253975914
1742907,996.725585473
1743007,996.7257733331
1743108,996.725389362
1743208,996.7255772117
1743308,996.7257650398
1743409,996.7253811355
1743509,996.7255689532
1743609,996.7257567494
1743710,996.7253729118
1743810,996.7255606976
1743910,996.7257484618
1744010,996.7259362045
1744111,996.7255524448
1744211,996.7257401771
1744311,996.7259278879
1744412,996.7255441948
1744512,996.7257318952
1744612,996.7259195741
1744713,996.7255359477
1744813,996.7257236162
1744913,996.7259112632
1745013,996.7260988887
1745114,996.7257153401
1745214,996.7259029552
1745314,996.7260905488
1745415,996.7257070668
1745515,996.72589465
1745615,996.7260822117
1745716,996.7256987964
1745816,996.7258863477
1745916,996.7260738776
1746017,996.7256905288
1746117,996.7258780483
1746217,996.7260655463
1746318,996.7256822641
1746418,996.7258697517
1746518,996.7260572178
1746619,996.7256740022
1746719,996.725861458
1746819,996.7260488923
1746920,996.7256657431
1747020,996.7258531671
1747120,996.7260405696
1747220,996.7262279507
1747321,996.7258448791
1747421,996.7260322498
1747521,996.7262195991
1747622,996.725836594
1747722,996.7260239329
1747822,996.7262112503
1747923,996.7258283117
1748023,996.7260156188
1748123,996.7262029045
1748224,996.7258200322
1748324,996.7260073076
1748424,996.7261945615
1748525,996.7258117556
1748625,996.7259989992
1748725,996.7261862214
1748826,996.7258034819
1748926,996.7259906937
1749026,996.7261778841
1749127,996.725795211
1749227,996.7259823911
1749327,996.7261695498
1749427,996.7263566871
1749528,996.7259740913
1749628,996.7261612183
1749728,996.7263483239
1749829,996.7259657944
1749929,996.7261528896
1750029,996.7263399635
1750130,996.7259575003
1750230,996.7261445639
1750330,996.726331606
1750431,996.7259492091
1750531,996.7261362409
1750631,996.7263232514
1750732,996.7259409207
1750832,996.7261279209
1750932,996.7263148997
1751032,996.7265018572
1751133,996.7261196037
1751233,996.7263065509
1751333,996.7264934767
1751434,996.7261112894
1751534,996.7262982049
1751634,996.7264850991
1751735,996.7261029779
1751835,996.7262898618
1751935,996.7264767243
1752036,996.7260946693
1752136,996.7262815215
1752236,996.7264683524
1752337,996.7260863635
1752437,996.7262731841
1752537,996.7264599834
1752638,996.7260780606
1752738,996.7262648496
1752838,996.7264516173
1752939,996.7260697606
1753039,996.726256518
1753139,996.7264432541
1753240,996.7260614633
1753340,996.7262481892
1753440,996.7264348937
1753540,996.7266215769
1753641,996.7262398632
1753741,996.7264265362
1753841,996.7266131879
1753942,996.7262315402
1754042,996.7264181815
1754142,996.7266048017
1754243,996.7262232199
1754343,996.7264098298
1754443,996.7265964184
1754544,996.7262149026
1754644,996.7264014809
1754744,996.7265880379
1754844,996.7267745737
1754945,996.7263931348
1755045,996.7265796604
1755145,996.7267661646
1755246,996.7263847916
1755346,996.7265712857
1755446,996.7267577584
1755547,996.7263764513
1755647,996.7265629138
1755747,996.7267493551
1755848,996.7263681139
1755948,996.7265545449
1756048,996.7267409547
1756148,996.7269273433
1756249,996.7265461788
1756349,996.7267325571
1756449,996.7269189142
1756550,996.7265378156
1756650,996.7267241625
1756750,996.7269104881
1756851,996.7265294553
1756951,996.7267157707
1757051,996.7269020649
1757152,996.7265210978
1757252,996.7267073818
1757352,996.7268936445
1757453,996.7265127432
1757553,996.7266989957
1757653,996.7268852271
1757753,996.7270714372
1757854,996.7266906125
1757954,996.7268768125
1758054,996.7270629912
1758155,996.7266822322
1758255,996.7268684008
1758355,996.7270545481
1758456,996.7266738548
1758556,996.7268599919
1758656,996.7270461079
1758756,996.7272322028
1758857,996.726851586
1758957,996.7270376706
1759057,996.7272237341
1759158,996.7268431829
1759258,996.7270292362
1759358,996.7272152683
1759459,996.7268347827
1759559,996.7270208046
1759659,996.7272068054
1759760,996.7268263854
1759860,996.727012376
1759960,996.7271983454
1760061,996.726817991
1760161,996.7270039502
1760261,996.7271898883
1760361,996.7273758053
1760462,996.7269955273
1760562,996.7271814341
1760662,996.7273673198
1760763,996.7269871073
1760863,996.7271729828
1760963,996.7273588372
1761064,996.7269786902
1761164,996.7271645344
1761264,996.7273503575
1761364,996.7275361595
1761465,996.7271560888
1761565,996.7273418807
1761665,996.7275276514
1761766,996.7271476462
1761866,996.7273334067
1761966,996.7275191462
1762067,996.7271392064
1762167,996.7273249357
1762267,996.727510644
1762368,996.7271307695
1762468,996.7273164676
1762568,996.7275021446
1762668,996.7276878005
1762769,996.7273080024
1762869,996.7274936481
1762969,996.7276792729
1763070,996.72729954
1763170,996.7274851546
1763270,996.7276707481
1763371,996.7272910806
1763471,996.7274766639
1763571,996.7276622262
1763672,996.727282624
1763772,996.7274681762
1763872,996.7276537073
1763972,996.7278392174
1764073,996.7274596913
1764173,996.7276451913
1764273,996.7278306702
1764374,996.7274512093
1764474,996.7276366781
1764574,996.7278221259
1764675,996.7274427302
1764775,996.7276281679
1764875,996.7278135845
1764975,996.7279989802
1765076,996.7276196606
1765176,996.7278050461
1765276,996.7279904106
1765377,996.7276111561
1765477,996.7277965105
1765577,996.7279818439
1765677,996.7281671563
1765778,996.7277879779
1765878,996.7279732801
1765978,996.7281585614
1766078,996.7283438217
1766179,996.7279647193
1766279,996.7281499695
1766379,996.7283351987
1766480,996.7279561614
1766580,996.7281413805
1766680,996.7283265787
1766780,996.7285117559
1766881,996.7281327945
1766981,996.7283179615
1767081,996.7285031077
1767182,996.7281242113
1767282,996.7283093473
1767382,996.7284944624
1767482,996.7286795566
1767583,996.7283007361
1767683,996.7284858201
1767783,996.7286708832
1767884,996.7282921278
1767984,996.7284771808
1768084,996.7286622129
1768185,996.7282835224
1768285,996.7284685444
1768385,996.7286535455
1768486,996.7282749199
1768586,996.7284599109
1768686,996.728644881
1768787,996.7282663204
1768887,996.7284512804
1768987,996.7286362195
1769087,996.7288211377
1769188,996.7284426528
1769288,996.7286275609
1769388,996.7288124481
1769489,996.7284340281
1769589,996.7286189053
1769689,996.7288037616
1769790,996.7284254064
1769890,996.7286102526
1769990,996.7287950779
1770091,996.7284167876
1770191,996.7286016029
1770291,996.7287863973
1770391,996.7289711708
1770492,996.7285929561
1770592,996.7287777195
1770692,996.7289624621
1770793,996.7285843122
1770893,996.7287690448
1770993,996.7289537565
1771094,996.7285756713
1771194,996.7287603729
1771294,996.7289450537
1771395,996.7285670333
1771495,996.7287517041
1771595,996.728936354
1771696,996.7285583983
1771796,996.7287430381
1771896,996.7289276572
1771997,996.7285497662
1772097,996.7287343752
1772197,996.7289189633
1772298,996.728541137
1772398,996.7287257151
1772498,996.7289102724
1772598,996.7290948089
1772699,996.728717058
1772799,996.7289015844
1772899,996.7290860901
1772999,996.7292705749
1773100,996.7288928994
1773200,996.7290773742
1773300,996.7292618282
1773401,996.7288842174
1773501,996.7290686614
1773601,996.7292530845
1773702,996.7288755383
1773802,996.7290599514
1773902,996.7292443438
1774003,996.7288668621
1774103,996.7290512445
1774203,996.7292356061
1774304,996.7288581889
1774404,996.7290425405
1774504,996.7292268713
1774604,996.7294111813
1774705,996.7290338394
1774805,996.7292181395
1774905,996.7294024187
1775006,996.7290251413
1775106,996.7292094106
1775206,996.7293936591
1775307,996.7290164462
1775407,996.7292006847
1775507,996.7293849025
1775608,996.729007754
1775708,996.7291919617
1775808,996.7293761488
1775909,996.7289990647
1776009,996.7291832418
1776109,996.7293673981
1776210,996.7289903784
1776310,996.7291745247
1776410,996.7293586503
1776510,996.7295427552
1776611,996.7291658106
1776711,996.7293499055
1776811,996.7295339797
1776912,996.7291570995
1777012,996.7293411637
1777112,996.7295252072
1777213,996.7291483913
1777313,996.7293324248
1777413,996.7295164377
1777513,996.7297004298
1777614,996.7293236889
1777714,996.7295076711
1777814,996.7296916325
1777915,996.729314956
1778015,996.7294989075
1778115,996.7296828383
1778216,996.729306226
1778316,996.7294901469
1778416,996.729674047
1778517,996.729297499
1778617,996.7294813892
1778717,996.7296652587
1778818,996.7292887749
1778918,996.7294726345
1779018,996.7296564734
1779119,996.7292800538
1779219,996.7294638827
1779319,996.7296476911
1779420,996.7292713356
1779520,996.729455134
1779620,996.7296389117
1779721,996.7292626204
1779821,996.7294463881
1779921,996.7296301353
1780021,996.7298138617
1780122,996.7294376453
1780222,996.7296213618
1780322,996.7298050577
1780423,996.7294289054
1780523,996.7296125914
1780623,996.7297962567
1780724,996.7294201684
1780824,996.7296038238
1780924,996.7297874586
1781024,996.7299710728
1781125,996.7295950593
1781225,996.7297786636
1781325,996.7299622472
1781426,996.7295862977
1781526,996.7297698714
1781626,996.7299534246
1781727,996.7295775391
1781827,996.7297610823
1781927,996.7299446049
1782027,996.7301281069
1782128,996.7297522961
1782228,996.7299357882
1782328,996.7301192598
1782429,996.7297435129
1782529,996.7299269745
1782629,996.7301104156
1782730,996.7297347327
1782830,996.7299181638
1782930,996.7301015744
1783031,996.7297259554
1783131,996.7299093561
1783231,996.7300927362
1783332,996.7297171811
1783432,996.7299005513
1783532,996.7300839009
1783633,996.7297084097
1783733,996.7298917495
1783833,996.7300750687
1783933,996.7302583673
1784034,996.7298829507
1784134,996.7300662394
1784234,996.7302495076
1784335,996.7298741548
1784435,996.7300574131
1784535,996.7302406509
1784636,996.7298653619
1784736,996.7300485898
1784836,996.7302317972
1784936,996.7304149841
1785037,996.7300397695
1785137,996.7302229465
1785237,996.7304061029
1785338,996.7300309521
1785438,996.7302140987
1785538,996.7303972248
1785639,996.7300221377
1785739,996.730205254
1785839,996.7303883497
1785940,996.7300133263
1786040,996.7301964122
1786140,996.7303794775
1786240,996.7305625224
1786341,996.7301875734
1786441,996.7303706084
1786541,996.7305536229
1786642,996.7301787375
1786742,996.7303617422
1786842,996.7305447264
1786943,996.7301699047
1787043,996.730352879
1787143,996.7305358329
1787244,996.7301610748
1787344,996.7303440188
1787444,996.7305269424
1787544,996.7307098455
1787645,996.7303351616
1787745,996.7305180549
1787845,996.7307009277
1787946,996.7303263074
1788046,996.7305091703
1788146,996.7306920128
1788247,996.7303174561
1788347,996.7305002888
1788447,996.730683101
1788547,996.7308658928
1788648,996.7304914103
1788748,996.7306741922
1788848,996.7308569537
1788949,996.7304825347
1789049,996.7306652864
1789149,996.7308480177
1789249,996.7310307285
1789350,996.7306563836
1789450,996.7308390846
1789550,996.7310217652
1789651,996.7306474838
1789751,996.7308301546
1789851,996.731012805
1789951,996.731195435
1790052,996.7308212275
1790152,996.7310038477
1790252,996.7311864475
1790353,996.7308123035
1790453,996.7309948935
1790553,996.7311774631
1790654,996.7308033825
1790754,996.7309859422
1790854,996.7311684816
1790954,996.7313510006
1791055,996.730976994
1791155,996.7311595032
1791255,996.7313419921
1791356,996.7309680488
1791456,996.7311505278
1791556,996.7313329865
1791657,996.7309591066
1791757,996.7311415555
1791857,996.731323984
1791958,996.7309501674
1792058,996.7311325861
1792158,996.7313149845
1792258,996.7314973625
1792359,996.7311236198
1792459,996.731305988
1792559,996.7314883359
1792660,996.7311146564
1792760,996.7312969946
1792860,996.7314793124
1792961,996.7311056961
1793061,996.7312880041
1793161,996.7314702918
1793261,996.7316525592
1793362,996.7312790167
1793462,996.7314612743
1793562,996.7316435116
1793663,996.7312700323
1793763,996.7314522599
1793863,996.7316344671
1793964,996.7312610509
1794064,996.7314432484
1794164,996.7316254255
1794265,996.7312520726
1794365,996.73143424
1794465,996.7316163871
1794566,996.7312430972
1794666,996.7314252346
1794766,996.7316073516
1794867,996.7312341249
1794967,996.7314162322
1795067,996.7315983192
1795167,996.7317803859
1795268,996.7314072328
1795368,996.7315892898
1795468,996.7317713265
1795569,996.7313982364
1795669,996.7315802634
1795769,996.7317622701
1795870,996.7313892431
1795970,996.7315712401
1796070,996.7317532167
1796171,996.7313802528
1796271,996.7315622197
1796371,996.7317441664
1796472,996.7313712655
1796572,996.7315532024
1796672,996.7317351192
1796773,996.7313622812
1796873,996.7315441882
1796973,996.7317260749
1797073,996.7319079414
1797174,996.7315351769
1797274,996.7317170337
1797374,996.7318988702
1797475,996.7315261687
1797575,996.7317079955
1797675,996.7318898021
1797776,996.7315171634
1797876,996.7316989603
1797976,996.731880737
1798077,996.7315081612
1798177,996.7316899282
1798277,996.7318716749
1798377,996.7320534015
1798478,996.7316808991
1798578,996.7318626159
1798678,996.7320443125
1798779,996.731671873
1798879,996.7318535599
1798979,996.7320352266
1799080,996.7316628499
1799180,996.7318445069
1799280,996.7320261438
1799381,996.7316538298
1799481,996.731835457
1799581,996.732017064
1799681,996.7321986508
1799782,996.7318264101
1799882,996.7320079872
1799982,996.7321895441
1800083,996.7318173662
1800183,996.7319989134
1800283,996.7321804405
1800384,996.7318083253
1800484,996.7319898427
1800584,996.73217134
1800684,996.732352817
1800785,996.7319807751
1800885,996.7321622425
1800985,996.7323436897
1801086,996.7319717104
1801186,996.732153148
1801286,996.7323345654
1801387,996.7319626488
1801487,996.7321440565
1801587,996.7323254442
1801687,996.7325068117
1801788,996.7321349682
1801888,996.732316326
1801988,996.7324976637
1802089,996.7321258828
1802189,996.7323072108
1802289,996.7324885188
1802390,996.7321168005
1802490,996.7322980987
1802590,996.7324793769
1802691,996.7321077212
1802791,996.7322889897
1802891,996.7324702381
1802992,996.7320986449
1803092,996.7322798837
1803192,996.7324611023
1803292,996.7326423009
1803393,996.7322707807
1803493,996.7324519696
1803593,996.7326331384
1803694,996.7322616808
1803794,996.7324428399
1803894,996.732623979
1803995,996.7322525838
1804095,996.7324337133
1804195,996.7326148227
1804295,996.732795912
1804396,996.7324245897
1804496,996.7326056694
1804596,996.732786729
1804697,996.7324154692
1804797,996.7325965192
1804897,996.7327775491
1804998,996.7324063517
1805098,996.732587372
1805198,996.7327683722
1805298,996.7329493524
1805399,996.7325782279
1805499,996.7327591984
1805599,996.7329401489
1805700,996.7325690868
1805800,996.7327500277
